--
-- PostgreSQL database dump
--

-- Dumped from database version 12.16 (Debian 12.16-1.pgdg120+1)
-- Dumped by pg_dump version 12.16 (Debian 12.16-1.pgdg120+1)

SET statement_timeout = 0;
SET lock_timeout = 0;
SET idle_in_transaction_session_timeout = 0;
SET client_encoding = 'UTF8';
SET standard_conforming_strings = on;
SELECT pg_catalog.set_config('search_path', '', false);
SET check_function_bodies = false;
SET xmloption = content;
SET client_min_messages = warning;
SET row_security = off;

SET default_tablespace = '';

SET default_table_access_method = heap;

--
-- Name: comment; Type: TABLE; Schema: public; Owner: root
--

CREATE TABLE public.comment (
    id bigint NOT NULL,
    body text,
    created timestamp(6) without time zone NOT NULL,
    updated timestamp(6) without time zone,
    formula_id bigint
);


ALTER TABLE public.comment OWNER TO root;

--
-- Name: comment_seq; Type: SEQUENCE; Schema: public; Owner: root
--

CREATE SEQUENCE public.comment_seq
    START WITH 1
    INCREMENT BY 50
    NO MINVALUE
    NO MAXVALUE
    CACHE 1;


ALTER TABLE public.comment_seq OWNER TO root;

--
-- Name: dilutions; Type: TABLE; Schema: public; Owner: root
--

CREATE TABLE public.dilutions (
    id bigint NOT NULL,
    quantity integer,
    ingredient_id bigint
);


ALTER TABLE public.dilutions OWNER TO root;

--
-- Name: dilutions_seq; Type: SEQUENCE; Schema: public; Owner: root
--

CREATE SEQUENCE public.dilutions_seq
    START WITH 1
    INCREMENT BY 50
    NO MINVALUE
    NO MAXVALUE
    CACHE 1;


ALTER TABLE public.dilutions_seq OWNER TO root;

--
-- Name: formula; Type: TABLE; Schema: public; Owner: root
--

CREATE TABLE public.formula (
    id bigint NOT NULL,
    created timestamp(6) without time zone NOT NULL,
    name character varying(255),
    status character varying(255),
    updated timestamp(6) without time zone,
    version character varying(255),
    formulas_management_id bigint,
    comment text
);


ALTER TABLE public.formula OWNER TO root;

--
-- Name: formula_ingredient; Type: TABLE; Schema: public; Owner: root
--

CREATE TABLE public.formula_ingredient (
    id bigint NOT NULL,
    alcohol integer,
    amount numeric(8,3),
    created timestamp(6) without time zone NOT NULL,
    dilution_of_ingredient integer,
    ingredient_name character varying(255),
    pyramid_level character varying(255),
    updated timestamp(6) without time zone,
    version character varying(255),
    formula_id bigint
);


ALTER TABLE public.formula_ingredient OWNER TO root;

--
-- Name: formula_ingredient_seq; Type: SEQUENCE; Schema: public; Owner: root
--

CREATE SEQUENCE public.formula_ingredient_seq
    START WITH 1
    INCREMENT BY 50
    NO MINVALUE
    NO MAXVALUE
    CACHE 1;


ALTER TABLE public.formula_ingredient_seq OWNER TO root;

--
-- Name: formula_seq; Type: SEQUENCE; Schema: public; Owner: root
--

CREATE SEQUENCE public.formula_seq
    START WITH 1
    INCREMENT BY 50
    NO MINVALUE
    NO MAXVALUE
    CACHE 1;


ALTER TABLE public.formula_seq OWNER TO root;

--
-- Name: formulas_management; Type: TABLE; Schema: public; Owner: root
--

CREATE TABLE public.formulas_management (
    id bigint NOT NULL,
    created timestamp(6) without time zone NOT NULL,
    name character varying(255),
    status character varying(255),
    updated timestamp(6) without time zone,
    version character varying(255),
    project_id bigint
);


ALTER TABLE public.formulas_management OWNER TO root;

--
-- Name: formulas_management_seq; Type: SEQUENCE; Schema: public; Owner: root
--

CREATE SEQUENCE public.formulas_management_seq
    START WITH 1
    INCREMENT BY 50
    NO MINVALUE
    NO MAXVALUE
    CACHE 1;


ALTER TABLE public.formulas_management_seq OWNER TO root;

--
-- Name: ingredients; Type: TABLE; Schema: public; Owner: root
--

CREATE TABLE public.ingredients (
    ingredient_id bigint NOT NULL,
    cas_number character varying(255),
    name character varying(255),
    odor_description text,
    odor_impact integer,
    odor_life integer,
    pyramid_level character varying(255),
    type character varying(255),
    ifra character varying(10)
);


ALTER TABLE public.ingredients OWNER TO root;

--
-- Name: ingredients_seq; Type: SEQUENCE; Schema: public; Owner: root
--

CREATE SEQUENCE public.ingredients_seq
    START WITH 1
    INCREMENT BY 50
    NO MINVALUE
    NO MAXVALUE
    CACHE 1;


ALTER TABLE public.ingredients_seq OWNER TO root;

--
-- Name: olfactivefamilies; Type: TABLE; Schema: public; Owner: root
--

CREATE TABLE public.olfactivefamilies (
    id bigint NOT NULL,
    name character varying(255),
    ingredient_id bigint
);


ALTER TABLE public.olfactivefamilies OWNER TO root;

--
-- Name: olfactivefamilies_seq; Type: SEQUENCE; Schema: public; Owner: root
--

CREATE SEQUENCE public.olfactivefamilies_seq
    START WITH 1
    INCREMENT BY 50
    NO MINVALUE
    NO MAXVALUE
    CACHE 1;


ALTER TABLE public.olfactivefamilies_seq OWNER TO root;

--
-- Name: project; Type: TABLE; Schema: public; Owner: root
--

CREATE TABLE public.project (
    id bigint NOT NULL,
    name character varying(255),
    created timestamp(6) without time zone NOT NULL,
    updated timestamp(6) without time zone
);


ALTER TABLE public.project OWNER TO root;

--
-- Name: project_seq; Type: SEQUENCE; Schema: public; Owner: root
--

CREATE SEQUENCE public.project_seq
    START WITH 1
    INCREMENT BY 50
    NO MINVALUE
    NO MAXVALUE
    CACHE 1;


ALTER TABLE public.project_seq OWNER TO root;

--
-- Name: recognition; Type: TABLE; Schema: public; Owner: root
--

CREATE TABLE public.recognition (
    id bigint NOT NULL,
    created date NOT NULL,
    ingredient_name text,
    notes text,
    recognized boolean,
    updated date
);


ALTER TABLE public.recognition OWNER TO root;

--
-- Name: recognition_seq; Type: SEQUENCE; Schema: public; Owner: root
--

CREATE SEQUENCE public.recognition_seq
    START WITH 1
    INCREMENT BY 50
    NO MINVALUE
    NO MAXVALUE
    CACHE 1;


ALTER TABLE public.recognition_seq OWNER TO root;

--
-- Name: user_seg; Type: TABLE; Schema: public; Owner: root
--

CREATE TABLE public.user_seg (
    id bigint NOT NULL,
    email character varying(255),
    firstname character varying(255),
    password character varying(255),
    role smallint,
    secondname character varying(255),
    CONSTRAINT user_seg_role_check CHECK (((role >= 0) AND (role <= 1)))
);


ALTER TABLE public.user_seg OWNER TO root;

--
-- Name: user_seg_seq; Type: SEQUENCE; Schema: public; Owner: root
--

CREATE SEQUENCE public.user_seg_seq
    START WITH 1
    INCREMENT BY 50
    NO MINVALUE
    NO MAXVALUE
    CACHE 1;


ALTER TABLE public.user_seg_seq OWNER TO root;

--
-- Name: 18405; Type: BLOB; Schema: -; Owner: root
--

SELECT pg_catalog.lo_create('18405');


ALTER LARGE OBJECT 18405 OWNER TO root;

--
-- Data for Name: comment; Type: TABLE DATA; Schema: public; Owner: root
--

COPY public.comment (id, body, created, updated, formula_id) FROM stdin;
3	hay que bajar el comino en las proximas versiones	2024-08-23 07:46:06.491	2024-08-23 07:46:06.491	702
62	que hace migfuel	2024-08-23 08:11:37.97	2024-08-23 08:11:37.97	2652
115	le ha gustado a gabriela	2024-08-23 09:01:55.687	2024-08-23 09:01:55.687	1703
152	dasdas	2024-08-24 18:28:45.392	2024-08-24 18:28:45.392	2802
153	no esta hecha	2024-08-24 18:49:05.621	2024-08-24 18:49:05.621	2803
154	lo acabo de hacer y huele muy bien ,veremos dentro de unos dias	2024-08-24 19:30:06.853	2024-08-24 19:30:06.853	2803
202	le he añadido iso-butyl-quinoliene pero le da un toque a vintage,en la proxima versiones bajar o quitar	2024-09-02 17:14:47.066	2024-09-02 17:14:47.066	1503
252	de momento me huele como la version anterior	2024-09-06 07:09:02.399	2024-09-06 07:09:02.399	2902
302	sigue en lo mismo	2024-09-08 08:15:21.278	2024-09-08 08:15:21.278	2902
352	sa pus 0.36 de turberoze ,sa pues mult vanilin,en la proxima bajar el vanillin,ethyl vaniullian	2024-09-12 20:38:07.384	2024-09-12 20:38:07.384	2952
452	solo nos falta veramoss de esta formula	2024-10-15 07:42:46.723	2024-10-15 07:42:46.723	3152
453	hedione es 300 no 0.30	2024-10-15 07:44:01.045	2024-10-15 07:44:01.045	3152
502	una bomba de pathouli,pero huele bien 	2024-10-16 16:40:32.505	2024-10-16 16:40:32.505	3252
552	me gusta como huele	2024-10-19 07:40:40.206	2024-10-19 07:40:40.206	3402
553	alpha damascone y con la canela hace la magia aqui	2024-10-19 07:43:18.341	2024-10-19 07:43:18.341	3402
603	vertofix is dpg	2024-11-12 07:32:08.754	2024-11-12 07:32:08.754	3504
\.


--
-- Data for Name: dilutions; Type: TABLE DATA; Schema: public; Owner: root
--

COPY public.dilutions (id, quantity, ingredient_id) FROM stdin;
7	10	3
8	100	3
9	100	4
10	10	4
11	100	5
12	1	5
13	100	6
14	10	6
54	10	53
55	100	53
66	100	59
67	10	59
152	10	102
153	100	102
154	100	152
155	10	152
156	10	153
157	100	153
168	10	159
169	100	159
404	10	403
405	100	403
408	100	405
409	5	405
412	50	407
413	10	407
414	100	408
415	10	408
420	100	411
421	1	411
422	10	412
423	100	412
424	100	413
425	10	413
427	10	415
428	100	415
429	100	416
430	10	416
431	10	417
432	100	417
435	10	419
436	100	419
439	10	421
440	100	421
445	100	424
446	10	424
447	10	425
450	100	1
451	10	1
452	10	427
453	100	427
454	10	428
455	100	428
456	10	429
457	100	429
460	100	431
461	10	431
462	10	432
463	100	432
464	10	433
465	100	433
468	100	435
469	10	435
504	10	453
505	100	453
506	10	454
507	100	454
508	10	455
509	100	455
512	10	457
513	100	457
514	100	458
515	1	458
516	10	459
517	100	459
518	100	460
519	10	460
520	10	461
521	100	461
522	10	462
523	100	462
524	100	463
525	1	463
526	10	464
527	100	464
530	10	466
531	100	466
534	100	468
535	1	468
538	100	470
539	10	470
540	5	471
541	100	471
542	100	472
543	10	472
544	10	473
545	100	473
546	10	474
547	100	474
554	100	475
555	50	475
556	10	475
557	100	478
558	1	478
559	10	479
602	100	502
603	10	502
604	1	502
605	10	503
606	100	503
607	10	504
608	100	504
611	10	506
612	100	506
615	5	456
616	1	456
617	50	436
618	10	436
852	100	2
853	10	2
902	10	52
903	100	52
904	100	154
905	10	154
906	10	202
907	100	202
908	10	203
909	100	203
910	100	204
911	10	204
912	10	404
913	100	404
914	100	406
915	10	406
916	10	409
917	100	409
918	100	410
919	10	410
920	10	414
921	100	418
922	10	418
923	100	420
924	10	420
925	10	430
926	100	430
927	10	434
928	100	434
929	10	452
930	100	452
931	10	465
932	100	465
933	10	469
934	50	469
935	10	505
936	100	505
937	10	507
938	100	507
952	100	552
953	10	552
1003	10	602
1004	100	602
1005	100	603
1006	10	603
1009	10	604
1010	100	604
1011	100	605
1012	10	605
1013	10	606
1014	100	606
1015	100	607
1016	10	607
1017	10	608
1018	100	608
1019	100	609
1020	10	609
1021	1	610
1022	100	610
1023	10	611
1024	100	611
1025	10	612
1026	100	612
1027	10	613
1028	100	613
1029	10	614
1030	100	614
1031	100	615
1032	10	615
1033	10	616
1034	100	616
1035	10	617
1036	100	617
1037	100	618
1038	10	618
1039	10	619
1040	100	619
1041	100	620
1042	10	620
1052	100	155
1053	10	155
1102	10	652
1103	100	652
1104	100	653
1105	10	653
1106	10	654
1107	100	654
1108	100	655
1109	10	655
1110	100	656
1111	10	656
1112	100	657
1113	10	657
1114	10	658
1115	100	658
1116	10	659
1117	100	659
1118	100	660
1119	10	660
1122	100	662
1123	10	662
1124	100	663
1125	10	663
1126	10	664
1127	100	664
1128	10	665
1129	100	665
1130	100	661
1131	10	661
1132	10	666
1133	100	666
1152	100	702
1153	10	702
1154	100	703
1155	10	703
1202	10	752
1203	100	753
1204	10	753
1205	10	754
1206	100	754
1207	100	755
1208	10	755
1209	10	756
1210	100	756
1215	100	467
1216	1	467
1252	100	802
1302	10	852
1303	100	852
\.


--
-- Data for Name: formula; Type: TABLE DATA; Schema: public; Owner: root
--

COPY public.formula (id, created, name, status, updated, version, formulas_management_id, comment) FROM stdin;
52	2024-04-07 13:55:52.616	\N	in_progress	2024-04-07 13:55:52.617	0.0.1	3	\N
252	2024-04-15 08:31:05.298	\N	done	2024-04-15 08:31:05.298	0.0.2	3	\N
402	2024-04-21 10:33:35.709	\N	in_progress	2024-04-21 10:33:35.709	0.0.1	102	\N
652	2024-05-20 16:57:58.601	\N	in_progress	2024-05-20 16:57:58.601	0.0.1	152	\N
702	2024-05-21 08:06:39.282	\N	in_progress	2024-05-21 08:06:39.282	0.0.1	202	\N
752	2024-05-21 21:14:42.567	\N	in_progress	2024-05-21 21:14:42.567	0.0.1	252	\N
802	2024-05-26 09:23:44.492	\N	in_progress	2024-05-26 09:23:44.492	0.0.1	302	\N
852	2024-05-27 17:07:22.853	\N	in_progress	2024-05-27 17:07:22.854	0.0.2	302	\N
902	2024-05-28 20:38:20.032	\N	in_progress	2024-05-28 20:38:20.032	0.0.1	352	\N
952	2024-05-29 06:36:05.539	\N	in_progress	2024-05-29 06:36:05.539	0.0.1	402	\N
953	2024-05-29 07:02:36.009	\N	in_progress	2024-05-29 07:02:36.009	0.0.2	402	\N
954	2024-05-29 07:11:25.227	\N	in_progress	2024-05-29 07:11:25.227	0.0.3	402	\N
1002	2024-05-30 17:34:05.269	\N	in_progress	2024-05-30 17:34:05.269	0.0.2	352	\N
1052	2024-05-31 15:34:33.846	\N	in_progress	2024-05-31 15:34:33.846	0.0.5	352	\N
1102	2024-06-02 09:12:27.657	\N	in_progress	2024-06-02 09:12:27.658	0.0.3	352	\N
1103	2024-06-02 11:11:16.398	\N	in_progress	2024-06-02 11:11:16.398	0.0.1	452	\N
1105	2024-06-02 12:25:53.636	\N	in_progress	2024-06-02 12:25:53.636	0.0.1	453	\N
1106	2024-06-02 12:42:58.931	\N	in_progress	2024-06-02 12:42:58.931	0.0.1	453	\N
1252	2024-06-07 17:12:59.213	\N	in_progress	2024-06-07 17:12:59.213	0.0.1	602	\N
1253	2024-06-07 17:17:06.127	\N	in_progress	2024-06-07 17:17:06.127	0.0.2	602	\N
1254	2024-06-07 17:33:04.264	\N	in_progress	2024-06-07 17:33:04.264	0.0.3	602	\N
1352	2024-06-09 07:09:32.873	\N	in_progress	2024-06-09 07:09:32.873	0.0.1	702	\N
1402	2024-06-11 07:11:33.751	\N	in_progress	2024-06-11 07:11:33.751	0.0.1	752	\N
1403	2024-06-11 07:29:32.065	\N	in_progress	2024-06-11 07:29:32.065	0.0.1	753	\N
1452	2024-06-15 09:27:18.924	\N	in_progress	2024-06-15 09:27:18.924	0.0.01	802	\N
1454	2024-06-15 12:35:13.323	\N	in_progress	2024-06-15 12:35:13.323	0.0.1	803	\N
1502	2024-06-18 06:48:38.237	\N	in_progress	2024-06-18 06:48:38.237	0.0.1	852	\N
1503	2024-06-18 06:49:30.042	\N	in_progress	2024-06-18 06:49:30.042	0.0.2	852	\N
1703	2024-06-29 10:58:09.452	\N	in_progress	2024-06-29 10:58:09.452	0.0.1	1053	\N
1802	2024-07-14 08:00:27.133	\N	in_progress	2024-07-14 08:00:27.133	\N	1152	\N
1902	2024-07-26 15:49:30.218	\N	done	2024-07-26 15:49:30.218	0.0.1	1252	\N
2262	2024-08-19 11:35:29.899	\N	in_progress	2024-08-19 11:35:29.899	0.0.1	1302	de momento huele muy bien
2602	2024-08-23 07:02:14.297	\N	in_progress	2024-08-23 07:02:14.297	0.0.1	1452	\N
2652	2024-08-23 08:10:28.026	\N	in_progress	2024-08-23 08:10:28.026	0.0.2	1452	\N
2752	2024-08-23 11:00:36.195	\N	in_progress	2024-08-23 11:00:36.195	0.0.2	1452	\N
2802	2024-08-24 18:28:45.312	\N	in_progress	2024-08-24 18:28:45.312	0.0.1	1452	\N
2803	2024-08-24 18:49:05.443	\N	in_progress	2024-08-24 18:49:05.443	0.0.1	1502	\N
2852	2024-09-04 07:41:51.193	\N	in_progress	2024-09-04 07:41:51.193	0.0.3	1452	\N
2853	2024-09-04 07:42:18.263	\N	in_progress	2024-09-04 07:42:18.264	0.0.4	1452	\N
2902	2024-09-06 07:09:02.237	\N	in_progress	2024-09-06 07:09:02.237	0.0.2	152	\N
2952	2024-09-12 19:59:48.28	\N	in_progress	2024-09-12 19:59:48.28	0.0.1	1552	\N
3002	2024-09-18 07:18:02.346	\N	in_progress	2024-09-18 07:18:02.346	0.0.1	1602	\N
3052	2024-10-09 18:55:47.784	\N	in_progress	2024-10-09 18:55:47.784	0.0.1	1652	\N
3053	2024-10-09 19:49:29.789	\N	in_progress	2024-10-09 19:49:29.789	0.0.2	1652	\N
3152	2024-10-15 07:42:46.538	\N	in_progress	2024-10-15 07:42:46.538	0.0.2	752	\N
3202	2024-10-15 07:49:00.572	\N	in_progress	2024-10-15 07:49:00.572	0.0.3	752	\N
3252	2024-10-16 16:40:32.336	\N	in_progress	2024-10-16 16:40:32.336	0.0.1	1752	\N
3302	2024-10-17 18:11:39.899	\N	in_progress	2024-10-17 18:11:39.899	0.0.1	1802	\N
3352	2024-10-18 07:36:59.413	\N	in_progress	2024-10-18 07:36:59.413	0.0.1	1852	\N
3402	2024-10-19 07:40:40.01	\N	in_progress	2024-10-19 07:40:40.01	0.0.1	1902	\N
3452	2024-10-24 19:53:25.624	\N	in_progress	2024-10-24 19:53:25.624	0.0.1	1952	\N
3502	2024-11-12 06:22:55.59	\N	in_progress	2024-11-12 06:22:55.59	0.0.1	802	\N
3503	2024-11-12 07:15:33.342	\N	in_progress	2024-11-12 07:15:33.342	0.0.1	1152	\N
3504	2024-11-12 07:32:08.632	\N	in_progress	2024-11-12 07:32:08.632	0.0.1	752	\N
3552	2024-11-13 05:27:05.294	\N	in_progress	2024-11-13 05:27:05.294	0.0.1	2002	\N
3553	2024-11-13 05:32:10.223	\N	in_progress	2024-11-13 05:32:10.223	0.0.2	2002	\N
3602	2024-11-19 16:08:08.343	\N	in_progress	2024-11-19 16:08:08.343	0.0.1	2052	\N
\.


--
-- Data for Name: formula_ingredient; Type: TABLE DATA; Schema: public; Owner: root
--

COPY public.formula_ingredient (id, alcohol, amount, created, dilution_of_ingredient, ingredient_name, pyramid_level, updated, version, formula_id) FROM stdin;
52	90	0.230	2024-04-07 13:55:52.656	10	Hedione	base	2024-04-07 13:55:52.656	\N	52
53	90	0.210	2024-04-07 13:55:52.661	10	Iso E Super	base	2024-04-07 13:55:52.661	\N	52
54	90	0.110	2024-04-07 13:55:52.665	10	Beta Ionone	base	2024-04-07 13:55:52.665	\N	52
55	90	0.030	2024-04-07 13:55:52.668	10	Ambrettolide	base	2024-04-07 13:55:52.668	\N	52
56	90	0.070	2024-04-07 13:55:52.672	10	Ambroxan	base	2024-04-07 13:55:52.672	\N	52
57	90	0.040	2024-04-07 13:55:52.676	10	Cashmeran	base	2024-04-07 13:55:52.676	\N	52
58	90	0.120	2024-04-07 13:55:52.68	10	Ethylene Brassylate	base	2024-04-07 13:55:52.68	\N	52
59	90	0.150	2024-04-07 13:55:52.684	10	Galaxolide	base	2024-04-07 13:55:52.684	\N	52
60	90	0.040	2024-04-07 13:55:52.689	10	Muscenone	base	2024-04-07 13:55:52.689	\N	52
61	90	0.030	2024-04-07 13:55:52.691	10	Alpha Isomethyl Ionone	base	2024-04-07 13:55:52.691	\N	52
62	99	0.030	2024-04-07 13:55:52.695	1	Jasmophore	heart	2024-04-07 13:55:52.695	\N	52
63	90	0.015	2024-04-07 13:55:52.698	10	Pink Pepper	top	2024-04-07 13:55:52.698	\N	52
252	90	0.390	2024-04-15 08:31:05.347	100	Iso E Super	base	2024-04-15 08:31:05.347	\N	252
253	90	0.223	2024-04-15 08:31:05.351	100	Ethylene Brassylate	base	2024-04-15 08:31:05.351	\N	252
254	90	0.204	2024-04-15 08:31:05.355	100	Beta Ionone	base	2024-04-15 08:31:05.355	\N	252
255	90	0.074	2024-04-15 08:31:05.357	100	Muscenone	base	2024-04-15 08:31:05.357	\N	252
256	90	0.056	2024-04-15 08:31:05.361	100	Alpha Isomethyl Ionone	base	2024-04-15 08:31:05.361	\N	252
257	90	0.148	2024-04-15 08:31:05.364	50	Cashmeran	base	2024-04-15 08:31:05.364	\N	252
258	90	0.557	2024-04-15 08:31:05.368	50	Galaxolide	base	2024-04-15 08:31:05.368	\N	252
259	90	0.427	2024-04-15 08:31:05.37	100	Hedione	base	2024-04-15 08:31:05.37	\N	252
260	90	1.299	2024-04-15 08:31:05.373	10	Ambroxan	base	2024-04-15 08:31:05.373	\N	252
261	90	0.056	2024-04-15 08:31:05.375	100	Ambrettolide	base	2024-04-15 08:31:05.375	\N	252
262	99	0.061	2024-04-15 08:31:05.379	100	Jasmophore	heart	2024-04-15 08:31:05.379	\N	252
263	90	0.028	2024-04-15 08:31:05.382	100	Pink Pepper	top	2024-04-15 08:31:05.382	\N	252
402	90	0.030	2024-04-21 10:33:35.754	10	Sandalwood	base	2024-04-21 10:33:35.754	\N	402
403	90	0.070	2024-04-21 10:33:35.758	10	Polysantol	base	2024-04-21 10:33:35.758	\N	402
404	90	0.015	2024-04-21 10:33:35.761	10	Ethyl Vanillin	base	2024-04-21 10:33:35.761	\N	402
405	90	0.015	2024-04-21 10:33:35.763	10	Coumarin	base	2024-04-21 10:33:35.763	\N	402
406	90	0.100	2024-04-21 10:33:35.766	10	Macrolide	base	2024-04-21 10:33:35.766	\N	402
407	90	0.300	2024-04-21 10:33:35.769	10	Iso E Super	base	2024-04-21 10:33:35.769	\N	402
408	90	0.150	2024-04-21 10:33:35.772	10	Hedione	base	2024-04-21 10:33:35.772	\N	402
409	90	0.030	2024-04-21 10:33:35.775	10	Alpha Isomethyl Ionone	base	2024-04-21 10:33:35.775	\N	402
410	90	0.015	2024-04-21 10:33:35.778	10	Methyl Anthranilate	heart	2024-04-21 10:33:35.778	\N	402
411	99	0.015	2024-04-21 10:33:35.781	1	Jasmophore	heart	2024-04-21 10:33:35.781	\N	402
412	90	0.070	2024-04-21 10:33:35.784	10	Hydroxycitronellal	heart	2024-04-21 10:33:35.784	\N	402
413	90	0.015	2024-04-21 10:33:35.787	10	Eugenol	heart	2024-04-21 10:33:35.787	\N	402
414	90	0.040	2024-04-21 10:33:35.79	10	Bergamot	top	2024-04-21 10:33:35.79	\N	402
415	90	0.030	2024-04-21 10:33:35.792	10	Sweet Orange	top	2024-04-21 10:33:35.792	\N	402
416	90	0.050	2024-04-21 10:33:35.795	10	Citronellol	top	2024-04-21 10:33:35.795	\N	402
417	90	0.030	2024-04-21 10:33:35.797	10	LINALOL	top	2024-04-21 10:33:35.797	\N	402
418	90	0.015	2024-04-21 10:33:35.8	10	Geranium	top	2024-04-21 10:33:35.8	\N	402
602	90	0.673	2024-05-20 16:57:58.66	10	Hedione	base	2024-05-20 16:57:58.66	\N	652
603	90	0.119	2024-05-20 16:57:58.667	10	Beta Ionone	base	2024-05-20 16:57:58.667	\N	652
604	90	0.059	2024-05-20 16:57:58.67	10	Alpha Isomethyl Ionone	base	2024-05-20 16:57:58.67	\N	652
605	90	1.703	2024-05-20 16:57:58.673	10	Iso E Super	base	2024-05-20 16:57:58.673	\N	652
606	90	0.033	2024-05-20 16:57:58.676	10	Polysantol	base	2024-05-20 16:57:58.676	\N	652
607	90	0.396	2024-05-20 16:57:58.681	10	Habanolide	base	2024-05-20 16:57:58.681	\N	652
608	90	0.059	2024-05-20 16:57:58.684	10	Ambroxan	base	2024-05-20 16:57:58.684	\N	652
609	90	0.059	2024-05-20 16:57:58.687	10	Coumarin	base	2024-05-20 16:57:58.687	\N	652
610	90	0.040	2024-05-20 16:57:58.69	10	Vanillin	base	2024-05-20 16:57:58.69	\N	652
611	90	0.013	2024-05-20 16:57:58.693	10	Methyl Anthranilate	heart	2024-05-20 16:57:58.693	\N	652
612	90	0.059	2024-05-20 16:57:58.696	10	Cedarwood Virginian	heart	2024-05-20 16:57:58.696	\N	652
613	90	0.079	2024-05-20 16:57:58.699	10	Dihydromyrcenol	heart	2024-05-20 16:57:58.699	\N	652
614	90	0.016	2024-05-20 16:57:58.701	10	Cardamom	heart	2024-05-20 16:57:58.701	\N	652
615	90	0.045	2024-05-20 16:57:58.705	10	Patchouli	heart	2024-05-20 16:57:58.705	\N	652
616	90	0.158	2024-05-20 16:57:58.708	10	Ethyl Linalool	top	2024-05-20 16:57:58.708	\N	652
617	90	0.059	2024-05-20 16:57:58.712	10	Citronellol	top	2024-05-20 16:57:58.712	\N	652
618	90	0.014	2024-05-20 16:57:58.715	10	Phenyl Ethyl Alcohol (PEA)	top	2024-05-20 16:57:58.715	\N	652
619	90	0.014	2024-05-20 16:57:58.719	10	Orris Givco	top	2024-05-20 16:57:58.719	\N	652
620	90	0.198	2024-05-20 16:57:58.721	10	Bergamot	top	2024-05-20 16:57:58.721	\N	652
621	90	0.238	2024-05-20 16:57:58.725	10	Helvetolide	top	2024-05-20 16:57:58.725	\N	652
622	95	0.059	2024-05-20 16:57:58.727	5	Methyl Pample Mousse	top	2024-05-20 16:57:58.727	\N	652
623	90	0.059	2024-05-20 16:57:58.73	10	Black Pepper	top	2024-05-20 16:57:58.73	\N	652
652	90	0.964	2024-05-21 08:06:39.321	10	Galaxolide	base	2024-05-21 08:06:39.321	\N	702
653	90	0.657	2024-05-21 08:06:39.326	10	Tonalide	base	2024-05-21 08:06:39.326	\N	702
654	90	0.613	2024-05-21 08:06:39.328	10	Iso E Super	base	2024-05-21 08:06:39.328	\N	702
655	90	0.210	2024-05-21 08:06:39.332	10	Coumarin	base	2024-05-21 08:06:39.332	\N	702
656	90	0.149	2024-05-21 08:06:39.334	10	Lyral	base	2024-05-21 08:06:39.334	\N	702
657	90	0.079	2024-05-21 08:06:39.338	10	Vanillin	base	2024-05-21 08:06:39.338	\N	702
658	90	0.033	2024-05-21 08:06:39.341	10	Bacdanol	base	2024-05-21 08:06:39.341	\N	702
659	90	0.237	2024-05-21 08:06:39.344	10	Dihydromyrcenol	heart	2024-05-21 08:06:39.344	\N	702
660	90	0.202	2024-05-21 08:06:39.346	10	Lilial	heart	2024-05-21 08:06:39.346	\N	702
661	90	0.088	2024-05-21 08:06:39.35	10	Methyl Ionone Gamma	heart	2024-05-21 08:06:39.35	\N	702
662	90	0.076	2024-05-21 08:06:39.352	10	Cinnamon Bark 	heart	2024-05-21 08:06:39.352	\N	702
663	90	0.053	2024-05-21 08:06:39.356	10	Lavandin Grosso	heart	2024-05-21 08:06:39.356	\N	702
664	90	0.026	2024-05-21 08:06:39.359	10	Castoreum Synthetic	heart	2024-05-21 08:06:39.359	\N	702
665	90	0.030	2024-05-21 08:06:39.363	10	White Thyme	heart	2024-05-21 08:06:39.363	\N	702
666	99	0.018	2024-05-21 08:06:39.365	1	ALDEHYDE C-12 MNA	heart	2024-05-21 08:06:39.365	\N	702
667	90	0.013	2024-05-21 08:06:39.368	10	Eugenol	heart	2024-05-21 08:06:39.368	\N	702
668	90	0.009	2024-05-21 08:06:39.371	10	artemisa	heart	2024-05-21 08:06:39.371	\N	702
669	90	0.004	2024-05-21 08:06:39.374	10	Methyl Anthranilate	heart	2024-05-21 08:06:39.374	\N	702
670	90	0.061	2024-05-21 08:06:39.376	10	LINALOL	top	2024-05-21 08:06:39.376	\N	702
671	90	0.061	2024-05-21 08:06:39.379	10	Linalyl Acetate	top	2024-05-21 08:06:39.379	\N	702
672	90	0.031	2024-05-21 08:06:39.381	10	Geranyl Acetate	top	2024-05-21 08:06:39.381	\N	702
673	90	0.026	2024-05-21 08:06:39.384	10	Cumin Seed	top	2024-05-21 08:06:39.384	\N	702
674	90	0.026	2024-05-21 08:06:39.385	10	Lavender	top	2024-05-21 08:06:39.385	\N	702
675	99	0.260	2024-05-21 08:06:39.388	1	Tangerine	top	2024-05-21 08:06:39.388	\N	702
676	90	0.026	2024-05-21 08:06:39.39	10	Spearmint	top	2024-05-21 08:06:39.39	\N	702
677	90	0.018	2024-05-21 08:06:39.393	10	Citral	top	2024-05-21 08:06:39.393	\N	702
678	99	0.018	2024-05-21 08:06:39.395	1	Triplal	top	2024-05-21 08:06:39.395	\N	702
679	90	0.013	2024-05-21 08:06:39.398	10	Allyl Amyl Glycolate	top	2024-05-21 08:06:39.398	\N	702
680	90	0.013	2024-05-21 08:06:39.4	10	Bergamot	top	2024-05-21 08:06:39.4	\N	702
681	90	0.013	2024-05-21 08:06:39.402	10	Bornyl acetate	top	2024-05-21 08:06:39.402	\N	702
682	90	0.009	2024-05-21 08:06:39.404	10	Geraniol	top	2024-05-21 08:06:39.404	\N	702
702	90	0.180	2024-05-21 21:14:42.627	10	Vanillin	base	2024-05-21 21:14:42.627	\N	752
703	95	0.120	2024-05-21 21:14:42.633	5	Ethyl Maltol	base	2024-05-21 21:14:42.633	\N	752
704	90	0.320	2024-05-21 21:14:42.641	10	Lyral	base	2024-05-21 21:14:42.641	\N	752
705	90	0.192	2024-05-21 21:14:42.645	10	Iso E Super	base	2024-05-21 21:14:42.645	\N	752
706	90	0.640	2024-05-21 21:14:42.649	10	Hedione	base	2024-05-21 21:14:42.649	\N	752
707	90	0.753	2024-05-21 21:14:42.653	10	Galaxolide	base	2024-05-21 21:14:42.653	\N	752
708	90	0.180	2024-05-21 21:14:42.657	10	Coumarin	base	2024-05-21 21:14:42.657	\N	752
709	90	0.040	2024-05-21 21:14:42.661	10	Bacdanol	base	2024-05-21 21:14:42.661	\N	752
710	90	0.640	2024-05-21 21:14:42.665	10	Patchouli	heart	2024-05-21 21:14:42.665	\N	752
711	90	0.088	2024-05-21 21:14:42.668	10	Raspberry Ketone	heart	2024-05-21 21:14:42.668	\N	752
712	90	0.020	2024-05-21 21:14:42.673	10	Methyl Anthranilate	heart	2024-05-21 21:14:42.673	\N	752
713	90	0.040	2024-05-21 21:14:42.676	10	Castoreum Synthetic	heart	2024-05-21 21:14:42.676	\N	752
714	99	0.008	2024-05-21 21:14:42.68	1	Triplal	top	2024-05-21 21:14:42.68	\N	752
715	90	0.040	2024-05-21 21:14:42.682	10	Sweet Orange	top	2024-05-21 21:14:42.682	\N	752
716	90	0.040	2024-05-21 21:14:42.686	10	LINALOL	top	2024-05-21 21:14:42.686	\N	752
717	90	0.120	2024-05-21 21:14:42.689	10	Ethyl Linalool	top	2024-05-21 21:14:42.689	\N	752
718	90	0.032	2024-05-21 21:14:42.692	10	Pamzest	top	2024-05-21 21:14:42.692	\N	752
719	90	0.160	2024-05-21 21:14:42.695	10	Bergamot	top	2024-05-21 21:14:42.695	\N	752
752	90	0.135	2024-05-26 09:23:44.547	10	Vanillin	base	2024-05-26 09:23:44.547	\N	802
753	90	0.135	2024-05-26 09:23:44.554	10	Coumarin	base	2024-05-26 09:23:44.554	\N	802
754	90	0.144	2024-05-26 09:23:44.558	10	Iso E Super	base	2024-05-26 09:23:44.558	\N	802
755	90	0.240	2024-05-26 09:23:44.56	10	Lyral	base	2024-05-26 09:23:44.56	\N	802
756	90	0.480	2024-05-26 09:23:44.564	10	Hedione	base	2024-05-26 09:23:44.564	\N	802
757	90	0.660	2024-05-26 09:23:44.567	10	Galaxolide	base	2024-05-26 09:23:44.567	\N	802
758	90	0.060	2024-05-26 09:23:44.572	10	Bacdanol	base	2024-05-26 09:23:44.572	\N	802
759	90	0.030	2024-05-26 09:23:44.574	10	Polysantol	base	2024-05-26 09:23:44.574	\N	802
760	90	0.075	2024-05-26 09:23:44.578	10	Cashmeran	base	2024-05-26 09:23:44.578	\N	802
761	90	0.135	2024-05-26 09:23:44.58	10	Ambrettolide	base	2024-05-26 09:23:44.58	\N	802
762	90	0.038	2024-05-26 09:23:44.583	10	BLACK AGAR GIVCO 215	base	2024-05-26 09:23:44.583	\N	802
763	90	0.030	2024-05-26 09:23:44.586	10	Castoreum Synthetic	heart	2024-05-26 09:23:44.586	\N	802
764	90	0.015	2024-05-26 09:23:44.589	10	Methyl Anthranilate	heart	2024-05-26 09:23:44.589	\N	802
765	90	0.030	2024-05-26 09:23:44.591	10	Osmanthus	heart	2024-05-26 09:23:44.591	\N	802
766	90	0.090	2024-05-26 09:23:44.595	10	Cedarwood Virginian	heart	2024-05-26 09:23:44.595	\N	802
767	90	0.045	2024-05-26 09:23:44.597	10	Vertofix Couer	heart	2024-05-26 09:23:44.597	\N	802
768	99	0.068	2024-05-26 09:23:44.601	1	Jasmophore	heart	2024-05-26 09:23:44.601	\N	802
769	90	0.015	2024-05-26 09:23:44.603	10	Tuberose	heart	2024-05-26 09:23:44.603	\N	802
770	99	0.010	2024-05-26 09:23:44.606	1	Triplal	top	2024-05-26 09:23:44.606	\N	802
771	90	0.030	2024-05-26 09:23:44.609	10	Sweet Orange	top	2024-05-26 09:23:44.609	\N	802
772	90	0.078	2024-05-26 09:23:44.612	10	Ethyl Linalool	top	2024-05-26 09:23:44.612	\N	802
773	90	0.120	2024-05-26 09:23:44.614	10	Bergamot	top	2024-05-26 09:23:44.614	\N	802
774	90	0.030	2024-05-26 09:23:44.618	10	Bornyl acetate	top	2024-05-26 09:23:44.618	\N	802
775	90	0.060	2024-05-26 09:23:44.62	10	Helvetolide	top	2024-05-26 09:23:44.62	\N	802
776	99	0.045	2024-05-26 09:23:44.623	1	Wardia	top	2024-05-26 09:23:44.623	\N	802
777	90	0.015	2024-05-26 09:23:44.624	10	Petitgrain	top	2024-05-26 09:23:44.624	\N	802
778	90	0.045	2024-05-26 09:23:44.627	10	Linalyl Acetate	top	2024-05-26 09:23:44.627	\N	802
802	90	0.557	2024-05-27 17:07:22.91	10	Galaxolide	base	2024-05-27 17:07:22.91	\N	852
803	90	0.480	2024-05-27 17:07:22.915	10	Hedione	base	2024-05-27 17:07:22.915	\N	852
804	90	0.060	2024-05-27 17:07:22.918	10	Bacdanol	base	2024-05-27 17:07:22.918	\N	852
805	90	0.144	2024-05-27 17:07:22.921	10	Iso E Super	base	2024-05-27 17:07:22.921	\N	852
806	90	0.072	2024-05-27 17:07:22.925	10	Ambrettolide	base	2024-05-27 17:07:22.925	\N	852
807	90	0.135	2024-05-27 17:07:22.928	10	Vanillin	base	2024-05-27 17:07:22.928	\N	852
808	90	0.030	2024-05-27 17:07:22.932	10	Polysantol	base	2024-05-27 17:07:22.932	\N	852
809	90	0.240	2024-05-27 17:07:22.934	10	Lyral	base	2024-05-27 17:07:22.934	\N	852
810	90	0.053	2024-05-27 17:07:22.938	10	Coumarin	base	2024-05-27 17:07:22.938	\N	852
811	90	0.050	2024-05-27 17:07:22.94	10	Beta Ionone	base	2024-05-27 17:07:22.94	\N	852
812	90	0.075	2024-05-27 17:07:22.943	10	Vetiver	base	2024-05-27 17:07:22.943	\N	852
813	90	0.056	2024-05-27 17:07:22.945	10	Vertofix Couer	heart	2024-05-27 17:07:22.946	\N	852
814	90	0.090	2024-05-27 17:07:22.949	10	Cedarwood Virginian	heart	2024-05-27 17:07:22.949	\N	852
815	90	0.100	2024-05-27 17:07:22.951	10	Osmanthus	heart	2024-05-27 17:07:22.951	\N	852
816	99	0.068	2024-05-27 17:07:22.955	1	Jasmophore	heart	2024-05-27 17:07:22.955	\N	852
817	90	0.200	2024-05-27 17:07:22.957	10	Patchouli	heart	2024-05-27 17:07:22.957	\N	852
818	90	0.100	2024-05-27 17:07:22.961	10	Lilial	heart	2024-05-27 17:07:22.961	\N	852
819	90	0.015	2024-05-27 17:07:22.964	10	Aldehyde C-12 Lauric Dodecanal	heart	2024-05-27 17:07:22.964	\N	852
820	90	0.030	2024-05-27 17:07:22.967	10	Bornyl acetate	top	2024-05-27 17:07:22.967	\N	852
821	90	0.120	2024-05-27 17:07:22.97	10	Bergamot	top	2024-05-27 17:07:22.97	\N	852
822	90	0.045	2024-05-27 17:07:22.974	10	Linalyl Acetate	top	2024-05-27 17:07:22.974	\N	852
823	99	0.010	2024-05-27 17:07:22.976	1	Triplal	top	2024-05-27 17:07:22.976	\N	852
824	99	0.045	2024-05-27 17:07:22.98	1	Wardia	top	2024-05-27 17:07:22.98	\N	852
825	90	0.035	2024-05-27 17:07:22.983	10	Ethyl Linalool	top	2024-05-27 17:07:22.983	\N	852
826	90	0.060	2024-05-27 17:07:22.986	10	Citronellol	top	2024-05-27 17:07:22.986	\N	852
827	90	0.080	2024-05-27 17:07:22.988	10	Neroli	top	2024-05-27 17:07:22.988	\N	852
828	90	0.070	2024-05-27 17:07:22.992	10	Tangerine	top	2024-05-27 17:07:22.992	\N	852
829	90	0.050	2024-05-27 17:07:22.995	10	Ylang Ylang Extra	top	2024-05-27 17:07:22.995	\N	852
852	90	1.050	2024-05-28 20:38:20.087	10	Iso E Super	base	2024-05-28 20:38:20.087	\N	902
853	90	0.018	2024-05-28 20:38:20.093	10	Muscenone	base	2024-05-28 20:38:20.093	\N	902
854	90	0.360	2024-05-28 20:38:20.096	10	Hedione	base	2024-05-28 20:38:20.096	\N	902
855	90	0.090	2024-05-28 20:38:20.1	10	Beta Ionone	base	2024-05-28 20:38:20.1	\N	902
856	90	0.006	2024-05-28 20:38:20.103	10	Coumarin	base	2024-05-28 20:38:20.103	\N	902
857	99	0.051	2024-05-28 20:38:20.107	1	Jasmophore	heart	2024-05-28 20:38:20.107	\N	902
858	90	0.450	2024-05-28 20:38:20.109	10	Cedarwood Virginian	heart	2024-05-28 20:38:20.109	\N	902
859	90	0.045	2024-05-28 20:38:20.114	10	Cardamom	heart	2024-05-28 20:38:20.114	\N	902
860	90	0.018	2024-05-28 20:38:20.117	10	artemisa	heart	2024-05-28 20:38:20.117	\N	902
861	90	0.030	2024-05-28 20:38:20.121	10	Phenyl Ethyl Alcohol (PEA)	top	2024-05-28 20:38:20.121	\N	902
862	90	0.030	2024-05-28 20:38:20.123	10	Sweet Orange	top	2024-05-28 20:38:20.123	\N	902
863	90	0.030	2024-05-28 20:38:20.127	10	Tangerine	top	2024-05-28 20:38:20.127	\N	902
864	99	0.030	2024-05-28 20:38:20.129	1	Nutmeg	top	2024-05-28 20:38:20.129	\N	902
865	99	0.150	2024-05-28 20:38:20.133	1	cis-3 Hexenol	top	2024-05-28 20:38:20.133	\N	902
866	90	0.135	2024-05-28 20:38:20.136	10	Ethyl Linalool	top	2024-05-28 20:38:20.136	\N	902
867	90	0.020	2024-05-28 20:38:20.139	10	Oakmoss Absolute 	top	2024-05-28 20:38:20.139	\N	902
868	90	0.009	2024-05-28 20:38:20.141	10	Cypress	top	2024-05-28 20:38:20.141	\N	902
869	90	0.015	2024-05-28 20:38:20.144	10	Cumin Seed	top	2024-05-28 20:38:20.144	\N	902
870	90	0.006	2024-05-28 20:38:20.146	10	Coriander	top	2024-05-28 20:38:20.146	\N	902
871	90	0.060	2024-05-28 20:38:20.149	10	Citronellol	top	2024-05-28 20:38:20.149	\N	902
872	90	0.210	2024-05-28 20:38:20.151	10	Bergamot	top	2024-05-28 20:38:20.151	\N	902
902	90	0.240	2024-05-29 06:36:05.601	10	Hedione	base	2024-05-29 06:36:05.601	\N	952
903	90	0.150	2024-05-29 06:36:05.61	10	Kephalis	base	2024-05-29 06:36:05.61	\N	952
904	90	0.111	2024-05-29 06:36:05.614	10	Lyral	base	2024-05-29 06:36:05.614	\N	952
905	90	0.045	2024-05-29 06:36:05.617	10	Coumarin	base	2024-05-29 06:36:05.617	\N	952
906	90	0.009	2024-05-29 06:36:05.622	10	Vanillin	base	2024-05-29 06:36:05.622	\N	952
907	90	0.420	2024-05-29 06:36:05.625	10	Patchouli	heart	2024-05-29 06:36:05.625	\N	952
908	90	0.210	2024-05-29 06:36:05.629	10	Cedramber	heart	2024-05-29 06:36:05.629	\N	952
909	90	0.180	2024-05-29 06:36:05.632	10	Vertofix Couer	heart	2024-05-29 06:36:05.632	\N	952
910	90	0.450	2024-05-29 06:36:05.636	10	Linalyl Acetate	top	2024-05-29 06:36:05.636	\N	952
911	90	0.300	2024-05-29 06:36:05.64	10	Bergamot	top	2024-05-29 06:36:05.64	\N	952
912	90	0.150	2024-05-29 06:36:05.644	10	Geranium	top	2024-05-29 06:36:05.644	\N	952
913	90	0.150	2024-05-29 06:36:05.648	10	LINALOL	top	2024-05-29 06:36:05.648	\N	952
914	90	0.090	2024-05-29 06:36:05.653	10	lemon	top	2024-05-29 06:36:05.653	\N	952
915	90	0.060	2024-05-29 06:36:05.657	10	Citronellol	top	2024-05-29 06:36:05.657	\N	952
916	90	0.006	2024-05-29 06:36:05.66	10	Bornyl acetate	top	2024-05-29 06:36:05.66	\N	952
917	90	0.003	2024-05-29 06:36:05.662	10	Phenyl Ethyl Alcohol (PEA)	top	2024-05-29 06:36:05.662	\N	952
918	90	0.045	2024-05-29 07:02:36.048	10	Coumarin	base	2024-05-29 07:02:36.048	\N	953
919	90	0.150	2024-05-29 07:02:36.051	10	Kephalis	base	2024-05-29 07:02:36.051	\N	953
920	90	0.111	2024-05-29 07:02:36.055	10	Lyral	base	2024-05-29 07:02:36.055	\N	953
921	90	0.009	2024-05-29 07:02:36.058	10	Vanillin	base	2024-05-29 07:02:36.058	\N	953
922	90	0.240	2024-05-29 07:02:36.062	10	Hedione	base	2024-05-29 07:02:36.062	\N	953
923	90	0.060	2024-05-29 07:02:36.064	10	Ambroxan	base	2024-05-29 07:02:36.064	\N	953
924	90	0.045	2024-05-29 07:02:36.067	10	Polysantol	base	2024-05-29 07:02:36.067	\N	953
925	90	0.474	2024-05-29 07:02:36.069	10	Tonalide	base	2024-05-29 07:02:36.069	\N	953
926	95	0.100	2024-05-29 07:02:36.072	5	Ethyl Maltol	base	2024-05-29 07:02:36.072	\N	953
927	90	0.210	2024-05-29 07:02:36.074	10	Cedramber	heart	2024-05-29 07:02:36.074	\N	953
928	90	0.180	2024-05-29 07:02:36.077	10	Vertofix Couer	heart	2024-05-29 07:02:36.077	\N	953
929	90	0.420	2024-05-29 07:02:36.079	10	Patchouli	heart	2024-05-29 07:02:36.079	\N	953
930	90	0.020	2024-05-29 07:02:36.082	10	White Thyme	heart	2024-05-29 07:02:36.082	\N	953
931	90	0.045	2024-05-29 07:02:36.084	10	Dihydromyrcenol	heart	2024-05-29 07:02:36.084	\N	953
932	90	0.150	2024-05-29 07:02:36.088	10	Geranium	top	2024-05-29 07:02:36.088	\N	953
933	90	0.006	2024-05-29 07:02:36.091	10	Bornyl acetate	top	2024-05-29 07:02:36.091	\N	953
934	90	0.090	2024-05-29 07:02:36.095	10	lemon	top	2024-05-29 07:02:36.095	\N	953
935	90	0.450	2024-05-29 07:02:36.098	10	Linalyl Acetate	top	2024-05-29 07:02:36.098	\N	953
936	90	0.300	2024-05-29 07:02:36.101	10	Bergamot	top	2024-05-29 07:02:36.101	\N	953
937	90	0.060	2024-05-29 07:02:36.104	10	Citronellol	top	2024-05-29 07:02:36.104	\N	953
938	90	0.003	2024-05-29 07:02:36.108	10	Phenyl Ethyl Alcohol (PEA)	top	2024-05-29 07:02:36.108	\N	953
939	90	0.150	2024-05-29 07:02:36.11	10	LINALOL	top	2024-05-29 07:02:36.11	\N	953
940	90	0.030	2024-05-29 07:02:36.114	10	Pamzest	top	2024-05-29 07:02:36.114	\N	953
941	90	0.015	2024-05-29 07:02:36.116	10	Cumin Seed	top	2024-05-29 07:02:36.116	\N	953
942	99	0.030	2024-05-29 07:02:36.12	1	Irival Ollifac 0612	top	2024-05-29 07:02:36.12	\N	953
943	90	0.002	2024-05-29 07:02:36.122	10	Allyl Amyl Glycolate	top	2024-05-29 07:02:36.122	\N	953
944	90	0.009	2024-05-29 07:11:25.267	10	Vanillin	base	2024-05-29 07:11:25.267	\N	954
945	90	0.045	2024-05-29 07:11:25.27	10	Coumarin	base	2024-05-29 07:11:25.27	\N	954
946	95	0.100	2024-05-29 07:11:25.275	5	Ethyl Maltol	base	2024-05-29 07:11:25.275	\N	954
947	90	0.240	2024-05-29 07:11:25.277	10	Hedione	base	2024-05-29 07:11:25.277	\N	954
948	90	0.111	2024-05-29 07:11:25.281	10	Lyral	base	2024-05-29 07:11:25.281	\N	954
949	90	0.045	2024-05-29 07:11:25.284	10	Polysantol	base	2024-05-29 07:11:25.284	\N	954
950	90	0.474	2024-05-29 07:11:25.288	10	Tonalide	base	2024-05-29 07:11:25.288	\N	954
951	90	0.150	2024-05-29 07:11:25.291	10	Kephalis	base	2024-05-29 07:11:25.291	\N	954
952	90	0.060	2024-05-29 07:11:25.295	10	Ambroxan	base	2024-05-29 07:11:25.295	\N	954
953	90	0.180	2024-05-29 07:11:25.297	10	Vertofix Couer	heart	2024-05-29 07:11:25.297	\N	954
954	90	0.420	2024-05-29 07:11:25.301	10	Patchouli	heart	2024-05-29 07:11:25.301	\N	954
955	90	0.210	2024-05-29 07:11:25.304	10	Cedramber	heart	2024-05-29 07:11:25.304	\N	954
956	90	0.020	2024-05-29 07:11:25.308	10	White Thyme	heart	2024-05-29 07:11:25.308	\N	954
957	90	0.045	2024-05-29 07:11:25.31	10	Dihydromyrcenol	heart	2024-05-29 07:11:25.31	\N	954
958	90	0.030	2024-05-29 07:11:25.314	10	Cinnamon Bark 	heart	2024-05-29 07:11:25.314	\N	954
959	90	0.060	2024-05-29 07:11:25.317	10	Hydroxycitronellal	heart	2024-05-29 07:11:25.317	\N	954
960	90	0.030	2024-05-29 07:11:25.319	10	Pamzest	top	2024-05-29 07:11:25.319	\N	954
961	90	0.006	2024-05-29 07:11:25.323	10	Bornyl acetate	top	2024-05-29 07:11:25.323	\N	954
962	90	0.003	2024-05-29 07:11:25.325	10	Phenyl Ethyl Alcohol (PEA)	top	2024-05-29 07:11:25.325	\N	954
963	90	0.090	2024-05-29 07:11:25.328	10	lemon	top	2024-05-29 07:11:25.328	\N	954
964	90	0.002	2024-05-29 07:11:25.329	10	Allyl Amyl Glycolate	top	2024-05-29 07:11:25.329	\N	954
965	90	0.015	2024-05-29 07:11:25.332	10	Cumin Seed	top	2024-05-29 07:11:25.332	\N	954
966	90	0.450	2024-05-29 07:11:25.334	10	Linalyl Acetate	top	2024-05-29 07:11:25.334	\N	954
967	90	0.300	2024-05-29 07:11:25.337	10	Bergamot	top	2024-05-29 07:11:25.337	\N	954
968	90	0.060	2024-05-29 07:11:25.338	10	Citronellol	top	2024-05-29 07:11:25.338	\N	954
969	90	0.150	2024-05-29 07:11:25.341	10	LINALOL	top	2024-05-29 07:11:25.341	\N	954
970	99	0.030	2024-05-29 07:11:25.343	1	Irival Ollifac 0612	top	2024-05-29 07:11:25.343	\N	954
971	90	0.150	2024-05-29 07:11:25.346	10	Geranium	top	2024-05-29 07:11:25.346	\N	954
1002	90	0.360	2024-05-30 17:34:05.323	10	Hedione	base	2024-05-30 17:34:05.323	\N	1002
1003	90	0.015	2024-05-30 17:34:05.328	10	Coumarin	base	2024-05-30 17:34:05.328	\N	1002
1004	90	0.018	2024-05-30 17:34:05.331	10	Muscenone	base	2024-05-30 17:34:05.331	\N	1002
1005	90	0.090	2024-05-30 17:34:05.333	10	Beta Ionone	base	2024-05-30 17:34:05.333	\N	1002
1006	90	1.050	2024-05-30 17:34:05.336	10	Iso E Super	base	2024-05-30 17:34:05.336	\N	1002
1007	90	0.015	2024-05-30 17:34:05.338	10	Ambroxan	base	2024-05-30 17:34:05.338	\N	1002
1008	90	0.060	2024-05-30 17:34:05.342	10	Vetiver	base	2024-05-30 17:34:05.342	\N	1002
1009	90	0.450	2024-05-30 17:34:05.344	10	Cedarwood Virginian	heart	2024-05-30 17:34:05.344	\N	1002
1010	99	0.051	2024-05-30 17:34:05.347	1	Jasmophore	heart	2024-05-30 17:34:05.347	\N	1002
1011	90	0.018	2024-05-30 17:34:05.349	10	artemisa	heart	2024-05-30 17:34:05.349	\N	1002
1012	90	0.045	2024-05-30 17:34:05.352	10	Cardamom	heart	2024-05-30 17:34:05.352	\N	1002
1013	90	0.015	2024-05-30 17:34:05.354	10	Cinnamon Bark 	heart	2024-05-30 17:34:05.354	\N	1002
1014	90	0.015	2024-05-30 17:34:05.357	10	Methyl Anthranilate	heart	2024-05-30 17:34:05.357	\N	1002
1015	99	0.030	2024-05-30 17:34:05.359	1	Nutmeg	top	2024-05-30 17:34:05.359	\N	1002
1016	90	0.030	2024-05-30 17:34:05.363	10	Phenyl Ethyl Alcohol (PEA)	top	2024-05-30 17:34:05.363	\N	1002
1017	90	0.210	2024-05-30 17:34:05.365	10	Bergamot	top	2024-05-30 17:34:05.365	\N	1002
1018	90	0.030	2024-05-30 17:34:05.368	10	Sweet Orange	top	2024-05-30 17:34:05.368	\N	1002
1019	90	0.030	2024-05-30 17:34:05.369	10	Tangerine	top	2024-05-30 17:34:05.369	\N	1002
1020	90	0.135	2024-05-30 17:34:05.372	10	Ethyl Linalool	top	2024-05-30 17:34:05.372	\N	1002
1021	90	0.015	2024-05-30 17:34:05.374	10	Coriander	top	2024-05-30 17:34:05.374	\N	1002
1022	90	0.050	2024-05-30 17:34:05.378	10	Oakmoss Absolute 	top	2024-05-30 17:34:05.378	\N	1002
1023	99	0.150	2024-05-30 17:34:05.38	1	cis-3 Hexenol	top	2024-05-30 17:34:05.38	\N	1002
1024	90	0.060	2024-05-30 17:34:05.383	10	Citronellol	top	2024-05-30 17:34:05.383	\N	1002
1025	90	0.015	2024-05-30 17:34:05.385	10	Cumin Seed	top	2024-05-30 17:34:05.385	\N	1002
1026	90	0.015	2024-05-30 17:34:05.388	10	Cypress	top	2024-05-30 17:34:05.388	\N	1002
1027	90	0.040	2024-05-30 17:34:05.39	10	Black Pepper	top	2024-05-30 17:34:05.39	\N	1002
1028	90	0.030	2024-05-30 17:34:05.394	10	Orris Givco	top	2024-05-30 17:34:05.394	\N	1002
1052	90	0.360	2024-05-31 15:34:33.91	10	Hedione	base	2024-05-31 15:34:33.91	\N	1052
1053	90	0.030	2024-05-31 15:34:33.917	10	Coumarin	base	2024-05-31 15:34:33.917	\N	1052
1054	90	0.030	2024-05-31 15:34:33.92	10	Muscenone	base	2024-05-31 15:34:33.92	\N	1052
1055	90	0.090	2024-05-31 15:34:33.924	10	Beta Ionone	base	2024-05-31 15:34:33.924	\N	1052
1056	90	1.050	2024-05-31 15:34:33.926	10	Iso E Super	base	2024-05-31 15:34:33.926	\N	1052
1057	90	0.030	2024-05-31 15:34:33.93	10	Vetiver	base	2024-05-31 15:34:33.93	\N	1052
1058	90	0.006	2024-05-31 15:34:33.932	10	Cashmeran	base	2024-05-31 15:34:33.932	\N	1052
1059	90	0.114	2024-05-31 15:34:33.936	10	Habanolide	base	2024-05-31 15:34:33.936	\N	1052
1060	90	0.054	2024-05-31 15:34:33.939	10	Lyral	base	2024-05-31 15:34:33.939	\N	1052
1061	90	0.015	2024-05-31 15:34:33.942	10	Ambrettolide	base	2024-05-31 15:34:33.942	\N	1052
1062	90	0.033	2024-05-31 15:34:33.944	10	Ambroxan	base	2024-05-31 15:34:33.944	\N	1052
1063	90	0.075	2024-05-31 15:34:33.947	10	Ethylene Brassylate	base	2024-05-31 15:34:33.947	\N	1052
1064	90	0.105	2024-05-31 15:34:33.949	10	Macrolide	base	2024-05-31 15:34:33.949	\N	1052
1065	90	0.300	2024-05-31 15:34:33.953	10	Cedarwood Virginian	heart	2024-05-31 15:34:33.953	\N	1052
1066	99	0.051	2024-05-31 15:34:33.956	1	Jasmophore	heart	2024-05-31 15:34:33.956	\N	1052
1067	90	0.018	2024-05-31 15:34:33.96	10	artemisa	heart	2024-05-31 15:34:33.96	\N	1052
1068	90	0.045	2024-05-31 15:34:33.962	10	Cardamom	heart	2024-05-31 15:34:33.962	\N	1052
1069	90	0.150	2024-05-31 15:34:33.966	10	Vertofix Couer	heart	2024-05-31 15:34:33.966	\N	1052
1070	90	0.045	2024-05-31 15:34:33.968	10	Lilial	heart	2024-05-31 15:34:33.968	\N	1052
1071	90	0.060	2024-05-31 15:34:33.972	10	Dihydromyrcenol	heart	2024-05-31 15:34:33.972	\N	1052
1072	90	0.030	2024-05-31 15:34:33.975	10	Phenyl Ethyl Alcohol (PEA)	top	2024-05-31 15:34:33.975	\N	1052
1073	90	0.210	2024-05-31 15:34:33.979	10	Bergamot	top	2024-05-31 15:34:33.979	\N	1052
1074	90	0.030	2024-05-31 15:34:33.981	10	Sweet Orange	top	2024-05-31 15:34:33.981	\N	1052
1075	90	0.030	2024-05-31 15:34:33.984	10	Tangerine	top	2024-05-31 15:34:33.984	\N	1052
1076	90	0.135	2024-05-31 15:34:33.987	10	Ethyl Linalool	top	2024-05-31 15:34:33.987	\N	1052
1077	90	0.006	2024-05-31 15:34:33.99	10	Coriander	top	2024-05-31 15:34:33.99	\N	1052
1078	90	0.020	2024-05-31 15:34:33.992	10	Oakmoss Absolute 	top	2024-05-31 15:34:33.992	\N	1052
1079	99	0.150	2024-05-31 15:34:33.995	1	cis-3 Hexenol	top	2024-05-31 15:34:33.995	\N	1052
1080	90	0.060	2024-05-31 15:34:33.997	10	Citronellol	top	2024-05-31 15:34:33.997	\N	1052
1081	90	0.015	2024-05-31 15:34:34	10	Cumin Seed	top	2024-05-31 15:34:34	\N	1052
1082	90	0.009	2024-05-31 15:34:34.003	10	Cypress	top	2024-05-31 15:34:34.003	\N	1052
1083	90	0.033	2024-05-31 15:34:34.007	10	Geraniol	top	2024-05-31 15:34:34.007	\N	1052
1084	90	0.039	2024-05-31 15:34:34.009	10	Geranyl Acetate	top	2024-05-31 15:34:34.009	\N	1052
1085	90	0.033	2024-05-31 15:34:34.012	10	Citral	top	2024-05-31 15:34:34.012	\N	1052
1086	90	0.105	2024-05-31 15:34:34.014	10	Helvetolide	top	2024-05-31 15:34:34.014	\N	1052
1087	90	0.030	2024-05-31 15:34:34.018	10	Grapefruit White	top	2024-05-31 15:34:34.018	\N	1052
1102	90	1.071	2024-06-02 09:12:27.707	10	Iso E Super	base	2024-06-02 09:12:27.707	\N	1102
1103	90	0.321	2024-06-02 09:12:27.713	10	Hedione	base	2024-06-02 09:12:27.713	\N	1102
1104	90	0.071	2024-06-02 09:12:27.717	10	Beta Ionone	base	2024-06-02 09:12:27.717	\N	1102
1105	90	0.021	2024-06-02 09:12:27.719	10	Coumarin	base	2024-06-02 09:12:27.719	\N	1102
1106	90	0.011	2024-06-02 09:12:27.723	10	Vetiver	base	2024-06-02 09:12:27.723	\N	1102
1107	90	0.011	2024-06-02 09:12:27.726	10	Vanillin	base	2024-06-02 09:12:27.726	\N	1102
1108	90	0.257	2024-06-02 09:12:27.73	10	Cedarwood Virginian	heart	2024-06-02 09:12:27.73	\N	1102
1109	99	0.100	2024-06-02 09:12:27.732	1	Jasmophore	heart	2024-06-02 09:12:27.732	\N	1102
1110	90	0.060	2024-06-02 09:12:27.736	10	artemisa	heart	2024-06-02 09:12:27.736	\N	1102
1111	90	0.043	2024-06-02 09:12:27.74	10	Vertofix Couer	heart	2024-06-02 09:12:27.74	\N	1102
1112	90	0.032	2024-06-02 09:12:27.744	10	Cardamom	heart	2024-06-02 09:12:27.744	\N	1102
1113	90	0.021	2024-06-02 09:12:27.748	10	Methyl Anthranilate	heart	2024-06-02 09:12:27.748	\N	1102
1114	90	0.021	2024-06-02 09:12:27.752	10	Cinnamon Bark 	heart	2024-06-02 09:12:27.752	\N	1102
1115	90	0.011	2024-06-02 09:12:27.754	10	Lavandin Grosso	heart	2024-06-02 09:12:27.754	\N	1102
1116	90	0.289	2024-06-02 09:12:27.758	10	Bergamot	top	2024-06-02 09:12:27.758	\N	1102
1117	90	0.096	2024-06-02 09:12:27.761	10	Ethyl Linalool	top	2024-06-02 09:12:27.761	\N	1102
1118	90	0.054	2024-06-02 09:12:27.764	10	Citronellol	top	2024-06-02 09:12:27.764	\N	1102
1119	90	0.043	2024-06-02 09:12:27.766	10	Petitgrain	top	2024-06-02 09:12:27.766	\N	1102
1120	99	0.320	2024-06-02 09:12:27.769	1	Nutmeg	top	2024-06-02 09:12:27.769	\N	1102
1121	90	0.032	2024-06-02 09:12:27.771	10	Oakmoss Absolute 	top	2024-06-02 09:12:27.771	\N	1102
1122	90	0.032	2024-06-02 09:12:27.775	10	Citral	top	2024-06-02 09:12:27.775	\N	1102
1123	99	0.210	2024-06-02 09:12:27.777	1	cis-3 Hexenol	top	2024-06-02 09:12:27.777	\N	1102
1124	90	0.021	2024-06-02 09:12:27.781	10	Phenyl Ethyl Alcohol (PEA)	top	2024-06-02 09:12:27.781	\N	1102
1125	90	0.021	2024-06-02 09:12:27.783	10	Cumin Seed	top	2024-06-02 09:12:27.783	\N	1102
1126	99	0.015	2024-06-02 09:12:27.787	1	Triplal	top	2024-06-02 09:12:27.787	\N	1102
1127	95	0.015	2024-06-02 09:12:27.789	5	Methyl Pample Mousse	top	2024-06-02 09:12:27.789	\N	1102
1128	90	0.011	2024-06-02 09:12:27.793	10	Sweet Orange	top	2024-06-02 09:12:27.793	\N	1102
1129	90	0.020	2024-06-02 09:12:27.795	10	Tangerine	top	2024-06-02 09:12:27.795	\N	1102
1130	90	0.750	2024-06-02 11:11:16.439	10	Iso E Super	base	2024-06-02 11:11:16.439	\N	1103
1131	90	0.300	2024-06-02 11:11:16.444	10	Hedione	base	2024-06-02 11:11:16.444	\N	1103
1132	90	0.240	2024-06-02 11:11:16.448	10	Galaxolide	base	2024-06-02 11:11:16.448	\N	1103
1133	90	0.150	2024-06-02 11:11:16.452	10	Vanillin	base	2024-06-02 11:11:16.452	\N	1103
1134	90	0.129	2024-06-02 11:11:16.455	10	Habanolide	base	2024-06-02 11:11:16.455	\N	1103
1135	90	0.093	2024-06-02 11:11:16.459	10	Cashmeran	base	2024-06-02 11:11:16.459	\N	1103
1136	90	0.087	2024-06-02 11:11:16.462	10	Kephalis	base	2024-06-02 11:11:16.462	\N	1103
1137	90	0.075	2024-06-02 11:11:16.465	10	Ambroxan	base	2024-06-02 11:11:16.465	\N	1103
1138	90	0.075	2024-06-02 11:11:16.467	10	Ethyl Vanillin	base	2024-06-02 11:11:16.467	\N	1103
1139	90	0.068	2024-06-02 11:11:16.47	10	Polysantol	base	2024-06-02 11:11:16.47	\N	1103
1140	95	0.080	2024-06-02 11:11:16.473	5	Ethyl Maltol	base	2024-06-02 11:11:16.473	\N	1103
1141	90	0.045	2024-06-02 11:11:16.476	10	Ambrettolide	base	2024-06-02 11:11:16.476	\N	1103
1142	90	0.030	2024-06-02 11:11:16.478	10	Bacdanol	base	2024-06-02 11:11:16.478	\N	1103
1143	90	0.018	2024-06-02 11:11:16.481	10	BLACK AGAR GIVCO 215	base	2024-06-02 11:11:16.481	\N	1103
1144	90	0.120	2024-06-02 11:11:16.483	10	Vertofix Couer	heart	2024-06-02 11:11:16.483	\N	1103
1145	90	0.100	2024-06-02 11:11:16.486	10	Cedramber	heart	2024-06-02 11:11:16.486	\N	1103
1146	90	0.039	2024-06-02 11:11:16.488	10	Dihydromyrcenol	heart	2024-06-02 11:11:16.488	\N	1103
1147	90	0.027	2024-06-02 11:11:16.491	10	Tolu Balsam	heart	2024-06-02 11:11:16.491	\N	1103
1148	90	0.024	2024-06-02 11:11:16.493	10	artemisa	heart	2024-06-02 11:11:16.493	\N	1103
1149	90	0.069	2024-06-02 11:11:16.496	10	Helvetolide	top	2024-06-02 11:11:16.496	\N	1103
1150	90	0.042	2024-06-02 11:11:16.498	10	Ethyl Linalool	top	2024-06-02 11:11:16.498	\N	1103
1151	90	0.024	2024-06-02 11:11:16.5	10	lemon	top	2024-06-02 11:11:16.5	\N	1103
1152	90	0.018	2024-06-02 11:11:16.503	10	Bornyl acetate	top	2024-06-02 11:11:16.503	\N	1103
1165	90	0.260	2024-06-02 12:25:53.674	10	Galaxolide	base	2024-06-02 12:25:53.674	\N	1105
1166	90	0.130	2024-06-02 12:25:53.679	10	Hedione	base	2024-06-02 12:25:53.679	\N	1105
1167	90	0.080	2024-06-02 12:25:53.683	10	Coumarin	base	2024-06-02 12:25:53.683	\N	1105
1168	90	0.060	2024-06-02 12:25:53.685	10	Iso E Super	base	2024-06-02 12:25:53.685	\N	1105
1169	90	0.030	2024-06-02 12:25:53.688	10	Aurantiol	base	2024-06-02 12:25:53.688	\N	1105
1170	90	0.030	2024-06-02 12:25:53.69	10	Muscenone	base	2024-06-02 12:25:53.69	\N	1105
1171	90	0.030	2024-06-02 12:25:53.693	10	Lyral	base	2024-06-02 12:25:53.693	\N	1105
1172	90	0.010	2024-06-02 12:25:53.695	10	Polysantol	base	2024-06-02 12:25:53.695	\N	1105
1173	90	0.004	2024-06-02 12:25:53.698	10	Ambroxan	base	2024-06-02 12:25:53.698	\N	1105
1174	90	0.280	2024-06-02 12:25:53.702	10	Patchouli	heart	2024-06-02 12:25:53.702	\N	1105
1175	90	0.240	2024-06-02 12:25:53.704	10	Dihydromyrcenol	heart	2024-06-02 12:25:53.704	\N	1105
1176	90	0.190	2024-06-02 12:25:53.707	10	Vertofix Couer	heart	2024-06-02 12:25:53.707	\N	1105
1177	90	0.150	2024-06-02 12:25:53.709	10	Methyl Ionone Gamma	heart	2024-06-02 12:25:53.709	\N	1105
1178	99	0.200	2024-06-02 12:25:53.713	1	Jasmophore	heart	2024-06-02 12:25:53.713	\N	1105
1179	90	0.080	2024-06-02 12:25:53.715	10	Lilial	heart	2024-06-02 12:25:53.715	\N	1105
1180	90	0.050	2024-06-02 12:25:53.718	10	Hydroxycitronellal	heart	2024-06-02 12:25:53.718	\N	1105
1181	90	0.040	2024-06-02 12:25:53.72	10	artemisa	heart	2024-06-02 12:25:53.72	\N	1105
1182	90	0.030	2024-06-02 12:25:53.722	10	Amyl Salicylate	heart	2024-06-02 12:25:53.722	\N	1105
1183	90	0.002	2024-06-02 12:25:53.724	10	Castoreum Synthetic	heart	2024-06-02 12:25:53.724	\N	1105
1184	90	0.180	2024-06-02 12:25:53.727	10	Phenyl Ethyl Alcohol (PEA)	top	2024-06-02 12:25:53.727	\N	1105
1185	90	0.120	2024-06-02 12:25:53.729	10	Linalyl Acetate	top	2024-06-02 12:25:53.729	\N	1105
1186	90	0.120	2024-06-02 12:25:53.732	10	LINALOL	top	2024-06-02 12:25:53.732	\N	1105
1187	90	0.120	2024-06-02 12:25:53.733	10	Bornyl acetate	top	2024-06-02 12:25:53.733	\N	1105
1188	90	0.080	2024-06-02 12:25:53.736	10	Olibanum	top	2024-06-02 12:25:53.736	\N	1105
1189	90	0.040	2024-06-02 12:25:53.738	10	Ylang Ylang Extra	top	2024-06-02 12:25:53.738	\N	1105
1190	90	0.040	2024-06-02 12:25:53.741	10	Geranium	top	2024-06-02 12:25:53.741	\N	1105
1191	90	0.040	2024-06-02 12:25:53.742	10	Coriander	top	2024-06-02 12:25:53.742	\N	1105
1192	90	0.040	2024-06-02 12:25:53.746	10	Oakmoss Absolute 	top	2024-06-02 12:25:53.746	\N	1105
1193	90	0.030	2024-06-02 12:25:53.747	10	Cypress	top	2024-06-02 12:25:53.747	\N	1105
1194	90	0.020	2024-06-02 12:25:53.75	10	Neroli	top	2024-06-02 12:25:53.75	\N	1105
1195	90	0.020	2024-06-02 12:25:53.752	10	Allyl Amyl Glycolate	top	2024-06-02 12:25:53.752	\N	1105
1196	99	0.004	2024-06-02 12:25:53.754	1	Triplal	top	2024-06-02 12:25:53.754	\N	1105
1197	90	0.002	2024-06-02 12:25:53.756	10	Cumin Seed	top	2024-06-02 12:25:53.756	\N	1105
1198	90	0.260	2024-06-02 12:42:58.973	10	Galaxolide	base	2024-06-02 12:42:58.973	\N	1106
1199	90	0.130	2024-06-02 12:42:58.976	10	Hedione	base	2024-06-02 12:42:58.976	\N	1106
1200	90	0.080	2024-06-02 12:42:58.98	10	Coumarin	base	2024-06-02 12:42:58.98	\N	1106
1201	90	0.060	2024-06-02 12:42:58.982	10	Iso E Super	base	2024-06-02 12:42:58.982	\N	1106
1202	90	0.030	2024-06-02 12:42:58.986	10	Aurantiol	base	2024-06-02 12:42:58.986	\N	1106
1203	90	0.030	2024-06-02 12:42:58.989	10	Muscenone	base	2024-06-02 12:42:58.989	\N	1106
1204	90	0.030	2024-06-02 12:42:58.992	10	Lyral	base	2024-06-02 12:42:58.992	\N	1106
1205	90	0.010	2024-06-02 12:42:58.994	10	Polysantol	base	2024-06-02 12:42:58.994	\N	1106
1206	90	0.004	2024-06-02 12:42:58.997	10	Ambroxan	base	2024-06-02 12:42:58.997	\N	1106
1207	90	0.004	2024-06-02 12:42:58.999	10	Ethyl Vanillin	base	2024-06-02 12:42:58.999	\N	1106
1208	90	0.010	2024-06-02 12:42:59.002	10	Labdanum Absolute	base	2024-06-02 12:42:59.002	\N	1106
1209	90	0.280	2024-06-02 12:42:59.004	10	Patchouli	heart	2024-06-02 12:42:59.004	\N	1106
1210	90	0.240	2024-06-02 12:42:59.008	10	Dihydromyrcenol	heart	2024-06-02 12:42:59.008	\N	1106
1211	90	0.190	2024-06-02 12:42:59.01	10	Vertofix Couer	heart	2024-06-02 12:42:59.01	\N	1106
1212	90	0.150	2024-06-02 12:42:59.013	10	Methyl Ionone Gamma	heart	2024-06-02 12:42:59.013	\N	1106
1213	99	0.200	2024-06-02 12:42:59.015	1	Jasmophore	heart	2024-06-02 12:42:59.015	\N	1106
1214	90	0.080	2024-06-02 12:42:59.018	10	Lilial	heart	2024-06-02 12:42:59.018	\N	1106
1215	90	0.050	2024-06-02 12:42:59.02	10	Hydroxycitronellal	heart	2024-06-02 12:42:59.02	\N	1106
1216	90	0.040	2024-06-02 12:42:59.023	10	artemisa	heart	2024-06-02 12:42:59.023	\N	1106
1217	90	0.030	2024-06-02 12:42:59.025	10	Amyl Salicylate	heart	2024-06-02 12:42:59.025	\N	1106
1218	90	0.002	2024-06-02 12:42:59.027	10	Castoreum Synthetic	heart	2024-06-02 12:42:59.028	\N	1106
1219	90	0.006	2024-06-02 12:42:59.029	10	White Thyme	heart	2024-06-02 12:42:59.029	\N	1106
1220	90	0.180	2024-06-02 12:42:59.032	10	Phenyl Ethyl Alcohol (PEA)	top	2024-06-02 12:42:59.032	\N	1106
1221	90	0.120	2024-06-02 12:42:59.034	10	Linalyl Acetate	top	2024-06-02 12:42:59.034	\N	1106
1222	90	0.120	2024-06-02 12:42:59.038	10	LINALOL	top	2024-06-02 12:42:59.038	\N	1106
1223	90	0.120	2024-06-02 12:42:59.04	10	Bornyl acetate	top	2024-06-02 12:42:59.04	\N	1106
1224	90	0.080	2024-06-02 12:42:59.043	10	Olibanum	top	2024-06-02 12:42:59.043	\N	1106
1225	90	0.040	2024-06-02 12:42:59.045	10	Ylang Ylang Extra	top	2024-06-02 12:42:59.045	\N	1106
1226	90	0.040	2024-06-02 12:42:59.048	10	Geranium	top	2024-06-02 12:42:59.048	\N	1106
1227	90	0.040	2024-06-02 12:42:59.049	10	Coriander	top	2024-06-02 12:42:59.05	\N	1106
1228	90	0.040	2024-06-02 12:42:59.053	10	Oakmoss Absolute 	top	2024-06-02 12:42:59.053	\N	1106
1229	90	0.030	2024-06-02 12:42:59.055	10	Cypress	top	2024-06-02 12:42:59.055	\N	1106
1230	90	0.020	2024-06-02 12:42:59.058	10	Neroli	top	2024-06-02 12:42:59.058	\N	1106
1231	90	0.020	2024-06-02 12:42:59.061	10	Allyl Amyl Glycolate	top	2024-06-02 12:42:59.061	\N	1106
1232	99	0.004	2024-06-02 12:42:59.064	1	Triplal	top	2024-06-02 12:42:59.064	\N	1106
1233	90	0.002	2024-06-02 12:42:59.066	10	Cumin Seed	top	2024-06-02 12:42:59.066	\N	1106
1234	99	0.010	2024-06-02 12:42:59.069	1	Rosemary	top	2024-06-02 12:42:59.069	\N	1106
1235	99	0.100	2024-06-02 12:42:59.072	1	Wardia	top	2024-06-02 12:42:59.072	\N	1106
3002	90	0.200	2024-08-23 11:00:36.235	10	Grapefruit White	top	2024-08-23 11:00:36.235	\N	2752
3003	90	0.600	2024-08-23 11:00:36.241	10	Citronellol	top	2024-08-23 11:00:36.241	\N	2752
3052	90	0.200	2024-08-24 18:28:45.358	10	Ambrettolide	base	2024-08-24 18:28:45.358	\N	2802
3053	90	0.800	2024-08-24 18:28:45.363	10	Hedione	base	2024-08-24 18:28:45.363	\N	2802
3054	90	0.650	2024-08-24 18:49:05.481	10	Hedione	base	2024-08-24 18:49:05.481	\N	2803
3055	90	0.650	2024-08-24 18:49:05.487	10	Iso E Super	base	2024-08-24 18:49:05.487	\N	2803
3056	90	0.425	2024-08-24 18:49:05.495	10	Ethylene Brassylate	base	2024-08-24 18:49:05.495	\N	2803
3057	90	0.088	2024-08-24 18:49:05.499	10	Habanolide	base	2024-08-24 18:49:05.499	\N	2803
3058	90	0.080	2024-08-24 18:49:05.506	10	Bacdanol	base	2024-08-24 18:49:05.506	\N	2803
3059	90	0.068	2024-08-24 18:49:05.514	10	Ethyl Vanillin	base	2024-08-24 18:49:05.514	\N	2803
3060	90	0.055	2024-08-24 18:49:05.524	10	Vanillin	base	2024-08-24 18:49:05.524	\N	2803
3061	90	0.045	2024-08-24 18:49:05.529	10	Beta Ionone	base	2024-08-24 18:49:05.529	\N	2803
3062	90	0.035	2024-08-24 18:49:05.537	10	Cashmeran	base	2024-08-24 18:49:05.537	\N	2803
3063	90	0.033	2024-08-24 18:49:05.54	10	Coumarin	base	2024-08-24 18:49:05.54	\N	2803
3064	90	0.018	2024-08-24 18:49:05.545	10	Muscenone	base	2024-08-24 18:49:05.545	\N	2803
3065	90	0.015	2024-08-24 18:49:05.552	10	Polysantol	base	2024-08-24 18:49:05.552	\N	2803
3066	90	0.013	2024-08-24 18:49:05.558	10	Vetiver	base	2024-08-24 18:49:05.558	\N	2803
3067	90	0.008	2024-08-24 18:49:05.562	10	Alpha Damascone	base	2024-08-24 18:49:05.562	\N	2803
3068	90	0.003	2024-08-24 18:49:05.566	10	Magnolan	base	2024-08-24 18:49:05.566	\N	2803
3069	90	0.100	2024-08-24 18:49:05.572	10	Cedramber	heart	2024-08-24 18:49:05.572	\N	2803
3070	90	0.003	2024-08-24 18:49:05.576	10	artemisa	heart	2024-08-24 18:49:05.576	\N	2803
3071	90	0.001	2024-08-24 18:49:05.579	10	Benzoin Siam Resinoid	heart	2024-08-24 18:49:05.579	\N	2803
3072	90	0.001	2024-08-24 18:49:05.583	10	Jasmophore	heart	2024-08-24 18:49:05.583	\N	2803
3073	90	0.030	2024-08-24 18:49:05.585	10	Ethyl Linalool	top	2024-08-24 18:49:05.585	\N	2803
3074	90	0.018	2024-08-24 18:49:05.589	10	Ylang Ylang Extra	top	2024-08-24 18:49:05.589	\N	2803
3075	90	0.010	2024-08-24 18:49:05.591	10	Citronellol	top	2024-08-24 18:49:05.591	\N	2803
3076	90	0.010	2024-08-24 18:49:05.594	10	Citral	top	2024-08-24 18:49:05.594	\N	2803
3077	90	0.003	2024-08-24 18:49:05.596	10	LINALOL	top	2024-08-24 18:49:05.596	\N	2803
3078	99	0.001	2024-08-24 18:49:05.6	1	cis-3 Hexenol	top	2024-08-24 18:49:05.6	\N	2803
3652	90	0.010	2024-10-19 07:40:40.061	10	ISOBUTYL-QUINOLINE	base	2024-10-19 07:40:40.061	\N	3402
3653	90	0.333	2024-10-19 07:40:40.069	10	Galaxolide	base	2024-10-19 07:40:40.069	\N	3402
3654	90	0.167	2024-10-19 07:40:40.072	10	Hedione	base	2024-10-19 07:40:40.072	\N	3402
3655	90	0.167	2024-10-19 07:40:40.077	10	Lyral	base	2024-10-19 07:40:40.077	\N	3402
3656	90	0.133	2024-10-19 07:40:40.08	10	Coumarin	base	2024-10-19 07:40:40.08	\N	3402
3657	90	0.083	2024-10-19 07:40:40.086	10	Vetiver	base	2024-10-19 07:40:40.086	\N	3402
3658	90	0.033	2024-10-19 07:40:40.09	10	Vanillin	base	2024-10-19 07:40:40.09	\N	3402
3659	90	0.017	2024-10-19 07:40:40.094	10	Ethyl Vanillin	base	2024-10-19 07:40:40.094	\N	3402
3660	90	0.017	2024-10-19 07:40:40.099	10	Alpha Damascone	base	2024-10-19 07:40:40.099	\N	3402
1352	90	0.293	2024-06-07 17:12:59.262	10	Hedione	base	2024-06-07 17:12:59.262	\N	1252
1353	90	0.110	2024-06-07 17:12:59.269	10	Cashmeran	base	2024-06-07 17:12:59.269	\N	1252
1354	90	1.701	2024-06-07 17:12:59.273	10	Iso E Super	base	2024-06-07 17:12:59.273	\N	1252
1355	90	0.110	2024-06-07 17:12:59.275	10	Vetiver	base	2024-06-07 17:12:59.275	\N	1252
1356	90	0.015	2024-06-07 17:12:59.28	10	Labdanum Absolute	base	2024-06-07 17:12:59.28	\N	1252
1357	90	0.011	2024-06-07 17:12:59.285	10	Ambroxan	base	2024-06-07 17:12:59.285	\N	1252
1358	90	0.026	2024-06-07 17:12:59.289	10	Ambrettolide	base	2024-06-07 17:12:59.289	\N	1252
1359	90	0.037	2024-06-07 17:12:59.293	10	Ethylene Brassylate	base	2024-06-07 17:12:59.293	\N	1252
1360	90	0.037	2024-06-07 17:12:59.296	10	Muscenone	base	2024-06-07 17:12:59.296	\N	1252
1361	90	0.055	2024-06-07 17:12:59.299	10	Velvione	base	2024-06-07 17:12:59.299	\N	1252
1362	90	0.059	2024-06-07 17:12:59.302	10	Jasmophore	heart	2024-06-07 17:12:59.302	\N	1252
1363	90	0.402	2024-06-07 17:12:59.305	10	Vertofix Couer	heart	2024-06-07 17:12:59.305	\N	1252
1364	90	0.073	2024-06-07 17:12:59.309	10	Linalyl Acetate	top	2024-06-07 17:12:59.309	\N	1252
1365	90	0.037	2024-06-07 17:12:59.311	10	Black Pepper	top	2024-06-07 17:12:59.311	\N	1252
1366	90	0.037	2024-06-07 17:12:59.315	10	Cypress	top	2024-06-07 17:12:59.315	\N	1252
1367	90	0.015	2024-06-07 17:12:59.317	10	Bornyl acetate	top	2024-06-07 17:12:59.317	\N	1252
1368	90	0.037	2024-06-07 17:17:06.158	10	Muscenone	base	2024-06-07 17:17:06.158	\N	1253
1369	90	0.055	2024-06-07 17:17:06.161	10	Velvione	base	2024-06-07 17:17:06.161	\N	1253
1370	90	0.011	2024-06-07 17:17:06.164	10	Ambroxan	base	2024-06-07 17:17:06.165	\N	1253
1371	90	0.293	2024-06-07 17:17:06.168	10	Hedione	base	2024-06-07 17:17:06.168	\N	1253
1372	90	0.037	2024-06-07 17:17:06.171	10	Ethylene Brassylate	base	2024-06-07 17:17:06.171	\N	1253
1373	90	0.110	2024-06-07 17:17:06.174	10	Vetiver	base	2024-06-07 17:17:06.174	\N	1253
1374	90	1.701	2024-06-07 17:17:06.178	10	Iso E Super	base	2024-06-07 17:17:06.178	\N	1253
1375	90	0.110	2024-06-07 17:17:06.18	10	Cashmeran	base	2024-06-07 17:17:06.18	\N	1253
1376	90	0.026	2024-06-07 17:17:06.183	10	Ambrettolide	base	2024-06-07 17:17:06.183	\N	1253
1377	90	0.015	2024-06-07 17:17:06.185	10	Labdanum Absolute	base	2024-06-07 17:17:06.185	\N	1253
1378	90	0.030	2024-06-07 17:17:06.188	10	Kephalis	base	2024-06-07 17:17:06.188	\N	1253
1379	90	0.402	2024-06-07 17:17:06.191	10	Vertofix Couer	heart	2024-06-07 17:17:06.191	\N	1253
1380	90	0.059	2024-06-07 17:17:06.194	10	Jasmophore	heart	2024-06-07 17:17:06.194	\N	1253
1381	90	0.037	2024-06-07 17:17:06.196	10	Cypress	top	2024-06-07 17:17:06.196	\N	1253
1382	90	0.073	2024-06-07 17:17:06.199	10	Linalyl Acetate	top	2024-06-07 17:17:06.199	\N	1253
1383	90	0.015	2024-06-07 17:17:06.201	10	Bornyl acetate	top	2024-06-07 17:17:06.201	\N	1253
1384	90	0.037	2024-06-07 17:17:06.204	10	Black Pepper	top	2024-06-07 17:17:06.204	\N	1253
1385	90	0.110	2024-06-07 17:33:04.292	10	Vetiver	base	2024-06-07 17:33:04.292	\N	1254
1386	90	0.026	2024-06-07 17:33:04.294	10	Ambrettolide	base	2024-06-07 17:33:04.294	\N	1254
1387	90	0.015	2024-06-07 17:33:04.297	10	Labdanum Absolute	base	2024-06-07 17:33:04.297	\N	1254
1388	90	0.011	2024-06-07 17:33:04.3	10	Ambroxan	base	2024-06-07 17:33:04.3	\N	1254
1389	90	0.037	2024-06-07 17:33:04.303	10	Ethylene Brassylate	base	2024-06-07 17:33:04.303	\N	1254
1390	90	0.110	2024-06-07 17:33:04.306	10	Cashmeran	base	2024-06-07 17:33:04.306	\N	1254
1391	90	0.293	2024-06-07 17:33:04.309	10	Hedione	base	2024-06-07 17:33:04.309	\N	1254
1392	90	0.030	2024-06-07 17:33:04.311	10	Kephalis	base	2024-06-07 17:33:04.311	\N	1254
1393	90	0.037	2024-06-07 17:33:04.313	10	Muscenone	base	2024-06-07 17:33:04.313	\N	1254
1394	90	0.055	2024-06-07 17:33:04.315	10	Velvione	base	2024-06-07 17:33:04.315	\N	1254
1395	90	1.701	2024-06-07 17:33:04.319	10	Iso E Super	base	2024-06-07 17:33:04.319	\N	1254
1396	90	0.402	2024-06-07 17:33:04.323	10	Vertofix Couer	heart	2024-06-07 17:33:04.323	\N	1254
1397	90	0.059	2024-06-07 17:33:04.325	10	Jasmophore	heart	2024-06-07 17:33:04.325	\N	1254
1398	90	0.011	2024-06-07 17:33:04.328	10	Lavandin Grosso	heart	2024-06-07 17:33:04.328	\N	1254
1399	90	0.037	2024-06-07 17:33:04.33	10	Cypress	top	2024-06-07 17:33:04.33	\N	1254
1400	90	0.073	2024-06-07 17:33:04.334	10	Linalyl Acetate	top	2024-06-07 17:33:04.334	\N	1254
1401	90	0.037	2024-06-07 17:33:04.336	10	Black Pepper	top	2024-06-07 17:33:04.336	\N	1254
1402	90	0.015	2024-06-07 17:33:04.339	10	Bornyl acetate	top	2024-06-07 17:33:04.339	\N	1254
1403	90	0.030	2024-06-07 17:33:04.341	10	Pamzest	top	2024-06-07 17:33:04.341	\N	1254
1404	90	0.060	2024-06-07 17:33:04.344	10	Bergamot	top	2024-06-07 17:33:04.344	\N	1254
1405	99	0.060	2024-06-07 17:33:04.346	1	Nutmeg	top	2024-06-07 17:33:04.346	\N	1254
3102	90	0.200	2024-09-04 07:41:51.281	10	Ambrettolide	base	2024-09-04 07:41:51.281	\N	2852
3103	90	0.800	2024-09-04 07:41:51.286	10	Hedione	base	2024-09-04 07:41:51.286	\N	2852
3104	90	0.800	2024-09-04 07:41:51.29	10	Vertofix Couer	heart	2024-09-04 07:41:51.29	\N	2852
3152	90	0.003	2024-09-06 07:09:02.295	10	Aurantiol	base	2024-09-06 07:09:02.295	\N	2902
3153	90	1.260	2024-09-06 07:09:02.302	10	Iso E Super	base	2024-09-06 07:09:02.303	\N	2902
3154	90	0.015	2024-09-06 07:09:02.306	10	Polysantol	base	2024-09-06 07:09:02.306	\N	2902
3155	90	0.300	2024-09-06 07:09:02.311	10	Habanolide	base	2024-09-06 07:09:02.311	\N	2902
3156	90	0.045	2024-09-06 07:09:02.314	10	Ambroxan	base	2024-09-06 07:09:02.314	\N	2902
3157	90	0.045	2024-09-06 07:09:02.319	10	Coumarin	base	2024-09-06 07:09:02.319	\N	2902
3158	90	0.030	2024-09-06 07:09:02.323	10	Ethyl Vanillin	base	2024-09-06 07:09:02.323	\N	2902
3159	90	0.090	2024-09-06 07:09:02.328	10	Beta Ionone	base	2024-09-06 07:09:02.328	\N	2902
3160	90	0.045	2024-09-06 07:09:02.331	10	Alpha Isomethyl Ionone	base	2024-09-06 07:09:02.331	\N	2902
3161	90	0.510	2024-09-06 07:09:02.336	10	Hedione	base	2024-09-06 07:09:02.336	\N	2902
3162	90	0.045	2024-09-06 07:09:02.339	10	Cedarwood Virginian	heart	2024-09-06 07:09:02.339	\N	2902
3163	90	0.060	2024-09-06 07:09:02.344	10	Dihydromyrcenol	heart	2024-09-06 07:09:02.344	\N	2902
3164	90	0.045	2024-09-06 07:09:02.347	10	Citronellol	top	2024-09-06 07:09:02.347	\N	2902
3165	90	0.180	2024-09-06 07:09:02.351	10	Helvetolide	top	2024-09-06 07:09:02.351	\N	2902
3166	90	0.006	2024-09-06 07:09:02.353	10	Orris Givco	top	2024-09-06 07:09:02.353	\N	2902
3167	90	0.006	2024-09-06 07:09:02.357	10	Phenyl Ethyl Alcohol (PEA)	top	2024-09-06 07:09:02.357	\N	2902
3168	90	0.120	2024-09-06 07:09:02.36	10	Ethyl Linalool	top	2024-09-06 07:09:02.36	\N	2902
3169	90	0.150	2024-09-06 07:09:02.363	10	Bergamot	top	2024-09-06 07:09:02.363	\N	2902
3170	90	0.045	2024-09-06 07:09:02.365	10	Methyl Pample Mousse	top	2024-09-06 07:09:02.365	\N	2902
3202	90	0.048	2024-09-12 19:59:48.316	10	Ethyl Vanillin	base	2024-09-12 19:59:48.316	\N	2952
3203	90	0.042	2024-09-12 19:59:48.322	10	Vanillin	base	2024-09-12 19:59:48.322	\N	2952
3204	90	0.007	2024-09-12 19:59:48.325	10	Polysantol	base	2024-09-12 19:59:48.325	\N	2952
3205	90	0.072	2024-09-12 19:59:48.328	10	Muscenone	base	2024-09-12 19:59:48.328	\N	2952
1502	90	0.700	2024-06-09 07:09:32.931	10	Vetiver	base	2024-06-09 07:09:32.931	\N	1352
1503	90	0.100	2024-06-09 07:09:32.938	10	Bacdanol	base	2024-06-09 07:09:32.938	\N	1352
1504	90	0.040	2024-06-09 07:09:32.942	10	Ethylene Brassylate	base	2024-06-09 07:09:32.942	\N	1352
1505	90	0.040	2024-06-09 07:09:32.946	10	Galaxolide	base	2024-06-09 07:09:32.946	\N	1352
1506	90	0.040	2024-06-09 07:09:32.951	10	Macrolide	base	2024-06-09 07:09:32.951	\N	1352
1507	90	0.020	2024-06-09 07:09:32.956	10	Muscenone	base	2024-06-09 07:09:32.956	\N	1352
1508	90	0.020	2024-06-09 07:09:32.96	10	Velvione	base	2024-06-09 07:09:32.96	\N	1352
1509	90	0.030	2024-06-09 07:09:32.963	10	Kephalis	base	2024-06-09 07:09:32.963	\N	1352
1510	90	0.100	2024-06-09 07:09:32.968	10	Polysantol	base	2024-06-09 07:09:32.968	\N	1352
1511	95	0.060	2024-06-09 07:09:32.971	5	Ethyl Maltol	base	2024-06-09 07:09:32.971	\N	1352
1512	90	0.100	2024-06-09 07:09:32.974	10	Lavandin Grosso	heart	2024-06-09 07:09:32.974	\N	1352
1513	90	0.010	2024-06-09 07:09:32.976	10	White Thyme	heart	2024-06-09 07:09:32.976	\N	1352
1514	90	0.060	2024-06-09 07:09:32.98	10	artemisa	heart	2024-06-09 07:09:32.98	\N	1352
1515	90	0.320	2024-06-09 07:09:32.986	10	Bergamot	top	2024-06-09 07:09:32.986	\N	1352
1516	90	0.200	2024-06-09 07:09:32.99	10	lemon	top	2024-06-09 07:09:32.99	\N	1352
1517	90	0.160	2024-06-09 07:09:32.993	10	Linalyl Acetate	top	2024-06-09 07:09:32.993	\N	1352
1518	90	0.100	2024-06-09 07:09:32.997	10	Tangerine	top	2024-06-09 07:09:32.997	\N	1352
1519	90	0.060	2024-06-09 07:09:33.001	10	Oakmoss Absolute 	top	2024-06-09 07:09:33.001	\N	1352
1520	99	0.200	2024-06-09 07:09:33.005	1	Nutmeg	top	2024-06-09 07:09:33.005	\N	1352
1521	90	0.030	2024-06-09 07:09:33.007	10	Coriander	top	2024-06-09 07:09:33.007	\N	1352
1522	99	0.030	2024-06-09 07:09:33.011	1	Irival Ollifac 0612	top	2024-06-09 07:09:33.011	\N	1352
1523	90	0.040	2024-06-09 07:09:33.013	10	Neroli	top	2024-06-09 07:09:33.013	\N	1352
1524	90	0.030	2024-06-09 07:09:33.017	10	Black Pepper	top	2024-06-09 07:09:33.017	\N	1352
1525	90	0.015	2024-06-09 07:09:33.02	10	Bornyl acetate	top	2024-06-09 07:09:33.02	\N	1352
1552	90	1.500	2024-06-11 07:11:33.795	10	Iso E Super	base	2024-06-11 07:11:33.795	\N	1402
1553	90	0.300	2024-06-11 07:11:33.801	10	Hedione	base	2024-06-11 07:11:33.801	\N	1402
1554	90	0.075	2024-06-11 07:11:33.804	10	Vetiver	base	2024-06-11 07:11:33.804	\N	1402
1555	90	0.053	2024-06-11 07:11:33.806	10	Magnolan	base	2024-06-11 07:11:33.806	\N	1402
1556	90	0.045	2024-06-11 07:11:33.809	10	Ambroxan	base	2024-06-11 07:11:33.809	\N	1402
1557	90	0.038	2024-06-11 07:11:33.811	10	Macrolide	base	2024-06-11 07:11:33.811	\N	1402
1558	90	0.045	2024-06-11 07:11:33.815	10	Cedrol Crystals Natural	heart	2024-06-11 07:11:33.815	\N	1402
1559	90	0.105	2024-06-11 07:11:33.818	10	Patchouli	heart	2024-06-11 07:11:33.818	\N	1402
1560	90	0.098	2024-06-11 07:11:33.821	10	Cedarwood Virginian	heart	2024-06-11 07:11:33.821	\N	1402
1561	90	0.060	2024-06-11 07:11:33.824	10	Coranol	heart	2024-06-11 07:11:33.824	\N	1402
1562	90	0.060	2024-06-11 07:11:33.828	10	Hydroxycitronellal	heart	2024-06-11 07:11:33.828	\N	1402
1563	90	0.053	2024-06-11 07:11:33.831	10	Jasmophore	heart	2024-06-11 07:11:33.831	\N	1402
3206	90	0.021	2024-09-12 19:59:48.331	10	Ethyl Maltol	base	2024-09-12 19:59:48.331	\N	2952
1564	90	0.038	2024-06-11 07:11:33.834	10	Benzoin Siam Resinoid	heart	2024-06-11 07:11:33.834	\N	1402
1565	90	0.038	2024-06-11 07:11:33.837	10	Flowerol 90 (Florosa)	heart	2024-06-11 07:11:33.837	\N	1402
1566	90	0.030	2024-06-11 07:11:33.84	10	Lilial	heart	2024-06-11 07:11:33.84	\N	1402
1567	90	0.015	2024-06-11 07:11:33.842	10	Elemi EO	heart	2024-06-11 07:11:33.842	\N	1402
1568	90	0.008	2024-06-11 07:11:33.846	10	Aldehyde C-12 Lauric Dodecanal	heart	2024-06-11 07:11:33.846	\N	1402
1569	90	0.008	2024-06-11 07:11:33.85	10	Rhuboflor	heart	2024-06-11 07:11:33.85	\N	1402
1570	90	0.098	2024-06-11 07:11:33.853	10	Bergamot	top	2024-06-11 07:11:33.853	\N	1402
1571	90	0.090	2024-06-11 07:11:33.856	10	Linalyl Acetate	top	2024-06-11 07:11:33.856	\N	1402
1572	90	0.053	2024-06-11 07:11:33.859	10	Citronellol	top	2024-06-11 07:11:33.859	\N	1402
1573	90	0.053	2024-06-11 07:11:33.861	10	lemon	top	2024-06-11 07:11:33.861	\N	1402
1574	90	0.038	2024-06-11 07:11:33.865	10	Pink Pepper	top	2024-06-11 07:11:33.865	\N	1402
1575	99	0.300	2024-06-11 07:11:33.867	1	Wardia	top	2024-06-11 07:11:33.867	\N	1402
1576	90	0.015	2024-06-11 07:11:33.87	10	Sweet Orange	top	2024-06-11 07:11:33.87	\N	1402
1577	90	0.015	2024-06-11 07:11:33.872	10	Oakmoss Absolute 	top	2024-06-11 07:11:33.872	\N	1402
1578	90	0.008	2024-06-11 07:11:33.875	10	Geranium	top	2024-06-11 07:11:33.875	\N	1402
1579	90	0.008	2024-06-11 07:11:33.877	10	Styralyl Acetate	top	2024-06-11 07:11:33.877	\N	1402
1580	90	0.690	2024-06-11 07:29:32.094	10	Hedione	base	2024-06-11 07:29:32.094	\N	1403
1581	90	0.420	2024-06-11 07:29:32.099	10	Iso E Super	base	2024-06-11 07:29:32.099	\N	1403
1582	90	0.300	2024-06-11 07:29:32.102	10	Ambroxan	base	2024-06-11 07:29:32.102	\N	1403
1583	90	0.060	2024-06-11 07:29:32.106	10	Ambrettolide	base	2024-06-11 07:29:32.106	\N	1403
1584	90	0.090	2024-06-11 07:29:32.108	10	Lyral	base	2024-06-11 07:29:32.108	\N	1403
1585	90	0.018	2024-06-11 07:29:32.111	10	ISOBUTYL-QUINOLINE	base	2024-06-11 07:29:32.111	\N	1403
1586	90	0.009	2024-06-11 07:29:32.113	10	Alpha Damascone	base	2024-06-11 07:29:32.113	\N	1403
1587	90	0.150	2024-06-11 07:29:32.117	10	Patchouli	heart	2024-06-11 07:29:32.117	\N	1403
1588	90	0.009	2024-06-11 07:29:32.119	10	Cassis Base 345B	heart	2024-06-11 07:29:32.119	\N	1403
1589	90	0.018	2024-06-11 07:29:32.121	10	artemisa	heart	2024-06-11 07:29:32.121	\N	1403
1590	90	0.045	2024-06-11 07:29:32.124	10	Coranol	heart	2024-06-11 07:29:32.124	\N	1403
1591	90	0.300	2024-06-11 07:29:32.126	10	Bergamot	top	2024-06-11 07:29:32.126	\N	1403
1592	90	0.060	2024-06-11 07:29:32.129	10	Sweet Orange	top	2024-06-11 07:29:32.129	\N	1403
1593	90	0.045	2024-06-11 07:29:32.131	10	Petitgrain	top	2024-06-11 07:29:32.131	\N	1403
1594	90	0.024	2024-06-11 07:29:32.134	10	Pink Pepper	top	2024-06-11 07:29:32.134	\N	1403
1595	90	0.015	2024-06-11 07:29:32.136	10	Clary Sage	top	2024-06-11 07:29:32.136	\N	1403
1596	90	0.006	2024-06-11 07:29:32.139	10	Neroli	top	2024-06-11 07:29:32.139	\N	1403
1597	99	0.006	2024-06-11 07:29:32.141	1	Birch Tar Rectified	top	2024-06-11 07:29:32.141	\N	1403
1598	90	0.015	2024-06-11 07:29:32.144	10	Allyl Amyl Glycolate	top	2024-06-11 07:29:32.144	\N	1403
1599	90	0.420	2024-06-11 07:29:32.146	10	Helvetolide	top	2024-06-11 07:29:32.146	\N	1403
1600	90	0.090	2024-06-11 07:29:32.148	10	Linalyl Acetate	top	2024-06-11 07:29:32.148	\N	1403
1601	90	0.045	2024-06-11 07:29:32.15	10	LINALOL	top	2024-06-11 07:29:32.15	\N	1403
1602	90	0.015	2024-06-11 07:29:32.153	10	Oakmoss Absolute 	top	2024-06-11 07:29:32.153	\N	1403
1652	90	0.090	2024-06-15 09:27:18.981	10	Magnolan	base	2024-06-15 09:27:18.981	\N	1452
1653	90	0.750	2024-06-15 09:27:18.989	10	Hedione	base	2024-06-15 09:27:18.989	\N	1452
1654	90	0.012	2024-06-15 09:27:18.993	10	Beta Ionone	base	2024-06-15 09:27:18.993	\N	1452
1655	90	0.012	2024-06-15 09:27:18.996	10	Alpha Damascone	base	2024-06-15 09:27:18.996	\N	1452
1656	90	0.015	2024-06-15 09:27:18.999	10	Cashmeran	base	2024-06-15 09:27:18.999	\N	1452
1657	90	0.450	2024-06-15 09:27:19.005	10	Iso E Super	base	2024-06-15 09:27:19.005	\N	1452
1658	90	0.015	2024-06-15 09:27:19.008	10	Ambroxan	base	2024-06-15 09:27:19.008	\N	1452
1659	90	0.060	2024-06-15 09:27:19.011	10	Ambrettolide	base	2024-06-15 09:27:19.011	\N	1452
1660	90	0.012	2024-06-15 09:27:19.014	10	Muscenone	base	2024-06-15 09:27:19.014	\N	1452
1661	90	0.690	2024-06-15 09:27:19.018	10	Ethylene Brassylate	base	2024-06-15 09:27:19.018	\N	1452
1662	90	0.012	2024-06-15 09:27:19.02	10	Lavandin Grosso	heart	2024-06-15 09:27:19.02	\N	1452
1663	90	0.015	2024-06-15 09:27:19.024	10	artemisa	heart	2024-06-15 09:27:19.024	\N	1452
1664	90	0.060	2024-06-15 09:27:19.026	10	Cassis Base 345B	heart	2024-06-15 09:27:19.026	\N	1452
1665	90	0.075	2024-06-15 09:27:19.031	10	Hydroxycitronellal	heart	2024-06-15 09:27:19.031	\N	1452
1666	90	0.018	2024-06-15 09:27:19.034	10	Lilial	heart	2024-06-15 09:27:19.034	\N	1452
1667	90	0.036	2024-06-15 09:27:19.038	10	Jasmophore	heart	2024-06-15 09:27:19.038	\N	1452
1668	90	0.045	2024-06-15 09:27:19.04	10	Cedramber	heart	2024-06-15 09:27:19.04	\N	1452
1669	99	0.030	2024-06-15 09:27:19.042	1	cis-3 Hexenol	top	2024-06-15 09:27:19.042	\N	1452
1670	99	0.030	2024-06-15 09:27:19.045	1	Triplal	top	2024-06-15 09:27:19.045	\N	1452
1671	90	0.270	2024-06-15 09:27:19.048	10	Grapefruit White	top	2024-06-15 09:27:19.048	\N	1452
1672	95	0.090	2024-06-15 09:27:19.05	5	Methyl Pample Mousse	top	2024-06-15 09:27:19.05	\N	1452
1673	90	0.015	2024-06-15 09:27:19.054	10	Petitgrain	top	2024-06-15 09:27:19.054	\N	1452
1674	90	0.054	2024-06-15 09:27:19.056	10	Citronellol	top	2024-06-15 09:27:19.056	\N	1452
1675	90	0.012	2024-06-15 09:27:19.059	10	Geraniol	top	2024-06-15 09:27:19.059	\N	1452
1676	90	0.045	2024-06-15 09:27:19.061	10	Olibanum	top	2024-06-15 09:27:19.061	\N	1452
3105	90	0.200	2024-09-04 07:42:18.302	10	Ambrettolide	base	2024-09-04 07:42:18.302	\N	2853
3106	90	0.800	2024-09-04 07:42:18.306	10	Hedione	base	2024-09-04 07:42:18.307	\N	2853
3107	90	0.800	2024-09-04 07:42:18.312	10	Vertofix Couer	heart	2024-09-04 07:42:18.312	\N	2853
3108	90	0.050	2024-09-04 07:42:18.316	10	Ethyl Linalool	top	2024-09-04 07:42:18.316	\N	2853
3207	90	0.087	2024-09-12 19:59:48.336	10	Macrolide	base	2024-09-12 19:59:48.336	\N	2952
3208	90	0.138	2024-09-12 19:59:48.338	10	Iso E Super	base	2024-09-12 19:59:48.338	\N	2952
3209	90	0.057	2024-09-12 19:59:48.341	10	Beta Ionone	base	2024-09-12 19:59:48.341	\N	2952
3210	90	0.537	2024-09-12 19:59:48.342	10	Hedione	base	2024-09-12 19:59:48.342	\N	2952
3211	90	0.180	2024-09-12 19:59:48.345	10	Galaxolide	base	2024-09-12 19:59:48.345	\N	2952
3212	90	0.048	2024-09-12 19:59:48.347	10	Coumarin	base	2024-09-12 19:59:48.347	\N	2952
2852	90	0.200	2024-08-23 07:02:14.383	10	Ambroxan	base	2024-08-23 07:02:14.383	\N	2602
2853	90	0.400	2024-08-23 07:02:14.387	10	Ambrettolide	base	2024-08-23 07:02:14.387	\N	2602
3213	90	0.090	2024-09-12 19:59:48.35	10	Cashmeran	base	2024-09-12 19:59:48.35	\N	2952
3214	90	0.108	2024-09-12 19:59:48.352	10	Ambroxan	base	2024-09-12 19:59:48.352	\N	2952
3215	90	0.002	2024-09-12 19:59:48.355	10	Tuberose	heart	2024-09-12 19:59:48.355	\N	2952
3216	90	0.123	2024-09-12 19:59:48.357	10	Amyl Salicylate	heart	2024-09-12 19:59:48.357	\N	2952
3217	90	0.069	2024-09-12 19:59:48.36	10	Lilial	heart	2024-09-12 19:59:48.36	\N	2952
3218	90	0.015	2024-09-12 19:59:48.362	10	Jasmophore	heart	2024-09-12 19:59:48.362	\N	2952
3219	90	0.102	2024-09-12 19:59:48.365	10	Hydroxycitronellal	heart	2024-09-12 19:59:48.365	\N	2952
3220	90	0.063	2024-09-12 19:59:48.367	10	Cedarwood Virginian	heart	2024-09-12 19:59:48.367	\N	2952
3221	90	0.019	2024-09-12 19:59:48.372	10	Methyl Anthranilate	heart	2024-09-12 19:59:48.372	\N	2952
3222	90	0.004	2024-09-12 19:59:48.375	10	Ylang Ylang Extra	top	2024-09-12 19:59:48.375	\N	2952
3223	90	0.004	2024-09-12 19:59:48.378	10	Wardia	top	2024-09-12 19:59:48.378	\N	2952
3224	90	0.007	2024-09-12 19:59:48.381	10	Sweet Orange	top	2024-09-12 19:59:48.381	\N	2952
3225	90	0.048	2024-09-12 19:59:48.384	10	Tangerine	top	2024-09-12 19:59:48.384	\N	2952
1702	90	0.144	2024-06-15 12:35:13.352	10	Iso E Super	base	2024-06-15 12:35:13.352	\N	1454
1703	90	0.072	2024-06-15 12:35:13.356	10	Beta Ionone	base	2024-06-15 12:35:13.356	\N	1454
1704	90	1.550	2024-06-15 12:35:13.358	10	Hedione	base	2024-06-15 12:35:13.358	\N	1454
1705	90	0.022	2024-06-15 12:35:13.361	10	Habanolide	base	2024-06-15 12:35:13.361	\N	1454
1706	90	0.187	2024-06-15 12:35:13.363	10	Ethylene Brassylate	base	2024-06-15 12:35:13.363	\N	1454
1707	90	0.002	2024-06-15 12:35:13.366	10	Alpha Damascone	base	2024-06-15 12:35:13.366	\N	1454
1708	90	0.014	2024-06-15 12:35:13.368	10	Ambroxan	base	2024-06-15 12:35:13.368	\N	1454
1709	90	0.011	2024-06-15 12:35:13.371	10	Alpha Isomethyl Ionone	base	2024-06-15 12:35:13.371	\N	1454
1710	90	0.004	2024-06-15 12:35:13.372	10	Cedrol Crystals Natural	heart	2024-06-15 12:35:13.372	\N	1454
1711	90	0.022	2024-06-15 12:35:13.375	10	Cardamom	heart	2024-06-15 12:35:13.375	\N	1454
1712	99	0.111	2024-06-15 12:35:13.377	1	Triplal	top	2024-06-15 12:35:13.377	\N	1454
1713	90	0.007	2024-06-15 12:35:13.38	10	Phenyl Ethyl Alcohol (PEA)	top	2024-06-15 12:35:13.38	\N	1454
1714	90	0.172	2024-06-15 12:35:13.382	10	Sweet Orange	top	2024-06-15 12:35:13.382	\N	1454
1715	99	0.029	2024-06-15 12:35:13.385	1	Nutmeg	top	2024-06-15 12:35:13.385	\N	1454
1716	90	0.057	2024-06-15 12:35:13.387	10	Tangerine	top	2024-06-15 12:35:13.387	\N	1454
1717	90	0.151	2024-06-15 12:35:13.39	10	LINALOL	top	2024-06-15 12:35:13.39	\N	1454
1718	90	0.014	2024-06-15 12:35:13.392	10	Geranyl Acetate	top	2024-06-15 12:35:13.392	\N	1454
1719	90	0.022	2024-06-15 12:35:13.395	10	Clary Sage	top	2024-06-15 12:35:13.395	\N	1454
1720	90	0.086	2024-06-15 12:35:13.396	10	Citronellol	top	2024-06-15 12:35:13.396	\N	1454
1721	90	0.011	2024-06-15 12:35:13.399	10	lemon	top	2024-06-15 12:35:13.399	\N	1454
1722	90	0.004	2024-06-15 12:35:13.4	10	Black Pepper	top	2024-06-15 12:35:13.4	\N	1454
1723	90	0.352	2024-06-15 12:35:13.403	10	Bergamot	top	2024-06-15 12:35:13.403	\N	1454
3226	90	0.004	2024-09-12 19:59:48.387	10	LINALOL	top	2024-09-12 19:59:48.387	\N	2952
3227	90	0.002	2024-09-12 19:59:48.39	10	cis-3 Hexenol	top	2024-09-12 19:59:48.39	\N	2952
3228	90	0.001	2024-09-12 19:59:48.392	10	Linalyl Acetate	top	2024-09-12 19:59:48.392	\N	2952
3229	90	0.002	2024-09-12 19:59:48.396	10	Geranyl Acetate	top	2024-09-12 19:59:48.396	\N	2952
3661	90	0.010	2024-10-19 07:40:40.104	10	Labdanum Absolute	base	2024-10-19 07:40:40.104	\N	3402
3662	90	0.433	2024-10-19 07:40:40.107	10	Patchouli	heart	2024-10-19 07:40:40.107	\N	3402
3663	90	0.333	2024-10-19 07:40:40.112	10	Dihydromyrcenol	heart	2024-10-19 07:40:40.112	\N	3402
3664	90	0.267	2024-10-19 07:40:40.115	10	Vertofix Couer	heart	2024-10-19 07:40:40.115	\N	3402
3665	90	0.267	2024-10-19 07:40:40.12	10	Cedarwood Virginian	heart	2024-10-19 07:40:40.12	\N	3402
3666	90	0.050	2024-10-19 07:40:40.124	10	Castoreum Synthetic	heart	2024-10-19 07:40:40.124	\N	3402
3667	90	0.033	2024-10-19 07:40:40.128	10	Eugenol	heart	2024-10-19 07:40:40.128	\N	3402
3668	90	0.017	2024-10-19 07:40:40.131	10	Tolu Balsam	heart	2024-10-19 07:40:40.131	\N	3402
3669	99	0.013	2024-10-19 07:40:40.135	1	ALDEHYDE C-12 MNA	heart	2024-10-19 07:40:40.135	\N	3402
3670	90	0.013	2024-10-19 07:40:40.138	10	Cinnamon Bark 	heart	2024-10-19 07:40:40.138	\N	3402
3671	90	0.367	2024-10-19 07:40:40.143	10	Bergamot	top	2024-10-19 07:40:40.143	\N	3402
3672	90	0.200	2024-10-19 07:40:40.146	10	Olibanum	top	2024-10-19 07:40:40.146	\N	3402
3673	90	0.167	2024-10-19 07:40:40.149	10	Linalyl Acetate	top	2024-10-19 07:40:40.149	\N	3402
3674	90	0.133	2024-10-19 07:40:40.152	10	Tangerine	top	2024-10-19 07:40:40.152	\N	3402
3675	90	0.067	2024-10-19 07:40:40.156	10	Black Pepper	top	2024-10-19 07:40:40.156	\N	3402
3676	90	0.067	2024-10-19 07:40:40.158	10	Geranium	top	2024-10-19 07:40:40.158	\N	3402
3677	99	0.033	2024-10-19 07:40:40.162	1	Nutmeg	top	2024-10-19 07:40:40.162	\N	3402
3678	90	0.017	2024-10-19 07:40:40.164	10	Citral	top	2024-10-19 07:40:40.164	\N	3402
3679	90	0.017	2024-10-19 07:40:40.167	10	Phenyl Ethyl Alcohol (PEA)	top	2024-10-19 07:40:40.167	\N	3402
1752	90	0.810	2024-06-18 06:48:38.288	10	Iso E Super	base	2024-06-18 06:48:38.288	\N	1502
1753	90	0.495	2024-06-18 06:48:38.295	10	Galaxolide	base	2024-06-18 06:48:38.295	\N	1502
1754	90	0.189	2024-06-18 06:48:38.299	10	Coumarin	base	2024-06-18 06:48:38.299	\N	1502
1755	90	0.111	2024-06-18 06:48:38.302	10	Vanillin	base	2024-06-18 06:48:38.302	\N	1502
1756	90	0.084	2024-06-18 06:48:38.309	10	Hedione	base	2024-06-18 06:48:38.309	\N	1502
1757	90	0.084	2024-06-18 06:48:38.314	10	Alpha Damascone	base	2024-06-18 06:48:38.314	\N	1502
1758	90	0.069	2024-06-18 06:48:38.319	10	Muscenone	base	2024-06-18 06:48:38.319	\N	1502
1759	90	0.036	2024-06-18 06:48:38.323	10	Ambroxan	base	2024-06-18 06:48:38.323	\N	1502
1760	90	0.024	2024-06-18 06:48:38.327	10	Ambrettolide	base	2024-06-18 06:48:38.327	\N	1502
1761	90	0.008	2024-06-18 06:48:38.331	10	Cashmeran	base	2024-06-18 06:48:38.331	\N	1502
1762	90	0.006	2024-06-18 06:48:38.346	10	Labdanum Absolute	base	2024-06-18 06:48:38.346	\N	1502
1763	90	0.003	2024-06-18 06:48:38.352	10	Alpha Isomethyl Ionone	base	2024-06-18 06:48:38.352	\N	1502
1764	95	0.002	2024-06-18 06:48:38.36	5	Ethyl Maltol	base	2024-06-18 06:48:38.36	\N	1502
1765	90	0.105	2024-06-18 06:48:38.364	10	Patchouli	heart	2024-06-18 06:48:38.364	\N	1502
1766	90	0.030	2024-06-18 06:48:38.369	10	Cinnamon Bark 	heart	2024-06-18 06:48:38.369	\N	1502
1767	90	0.006	2024-06-18 06:48:38.372	10	artemisa	heart	2024-06-18 06:48:38.372	\N	1502
1768	90	0.002	2024-06-18 06:48:38.376	10	Eugenol	heart	2024-06-18 06:48:38.376	\N	1502
1769	90	0.000	2024-06-18 06:48:38.38	10	Osmanthus	heart	2024-06-18 06:48:38.38	\N	1502
1770	90	0.054	2024-06-18 06:48:38.384	10	Bergamot	top	2024-06-18 06:48:38.384	\N	1502
1771	90	0.030	2024-06-18 06:48:38.386	10	Phenyl Ethyl Alcohol (PEA)	top	2024-06-18 06:48:38.386	\N	1502
1772	90	0.018	2024-06-18 06:48:38.389	10	Linalyl Acetate	top	2024-06-18 06:48:38.389	\N	1502
1773	90	0.009	2024-06-18 06:48:38.391	10	LINALOL	top	2024-06-18 06:48:38.391	\N	1502
1774	90	0.013	2024-06-18 06:48:38.394	10	Intreleven Aldehyde Special	top	2024-06-18 06:48:38.394	\N	1502
1775	90	0.004	2024-06-18 06:48:38.396	10	Citronellol	top	2024-06-18 06:48:38.396	\N	1502
1776	90	0.111	2024-06-18 06:49:30.073	10	Vanillin	base	2024-06-18 06:49:30.073	\N	1503
1777	90	0.003	2024-06-18 06:49:30.076	10	Alpha Isomethyl Ionone	base	2024-06-18 06:49:30.076	\N	1503
1778	95	0.002	2024-06-18 06:49:30.081	5	Ethyl Maltol	base	2024-06-18 06:49:30.081	\N	1503
1779	90	0.084	2024-06-18 06:49:30.086	10	Hedione	base	2024-06-18 06:49:30.087	\N	1503
1780	90	0.006	2024-06-18 06:49:30.091	10	Labdanum Absolute	base	2024-06-18 06:49:30.091	\N	1503
1781	90	0.069	2024-06-18 06:49:30.097	10	Muscenone	base	2024-06-18 06:49:30.097	\N	1503
1782	90	0.189	2024-06-18 06:49:30.101	10	Coumarin	base	2024-06-18 06:49:30.101	\N	1503
1783	90	0.024	2024-06-18 06:49:30.109	10	Ambrettolide	base	2024-06-18 06:49:30.109	\N	1503
1784	90	0.810	2024-06-18 06:49:30.113	10	Iso E Super	base	2024-06-18 06:49:30.113	\N	1503
1785	90	0.008	2024-06-18 06:49:30.116	10	Cashmeran	base	2024-06-18 06:49:30.116	\N	1503
1786	90	0.084	2024-06-18 06:49:30.12	10	Alpha Damascone	base	2024-06-18 06:49:30.12	\N	1503
1787	90	0.495	2024-06-18 06:49:30.123	10	Galaxolide	base	2024-06-18 06:49:30.123	\N	1503
1788	90	0.036	2024-06-18 06:49:30.127	10	Ambroxan	base	2024-06-18 06:49:30.127	\N	1503
1789	90	0.006	2024-06-18 06:49:30.129	10	artemisa	heart	2024-06-18 06:49:30.129	\N	1503
1790	90	0.030	2024-06-18 06:49:30.135	10	Cinnamon Bark 	heart	2024-06-18 06:49:30.135	\N	1503
1791	90	0.015	2024-06-18 06:49:30.137	10	Osmanthus	heart	2024-06-18 06:49:30.137	\N	1503
1792	90	0.002	2024-06-18 06:49:30.146	10	Eugenol	heart	2024-06-18 06:49:30.146	\N	1503
1793	90	0.105	2024-06-18 06:49:30.151	10	Patchouli	heart	2024-06-18 06:49:30.151	\N	1503
1794	90	0.018	2024-06-18 06:49:30.155	10	Linalyl Acetate	top	2024-06-18 06:49:30.155	\N	1503
1795	90	0.054	2024-06-18 06:49:30.157	10	Bergamot	top	2024-06-18 06:49:30.157	\N	1503
1796	90	0.009	2024-06-18 06:49:30.16	10	LINALOL	top	2024-06-18 06:49:30.16	\N	1503
1797	90	0.030	2024-06-18 06:49:30.162	10	Phenyl Ethyl Alcohol (PEA)	top	2024-06-18 06:49:30.162	\N	1503
1798	90	0.004	2024-06-18 06:49:30.166	10	Citronellol	top	2024-06-18 06:49:30.166	\N	1503
1799	90	0.013	2024-06-18 06:49:30.169	10	Intreleven Aldehyde Special	top	2024-06-18 06:49:30.169	\N	1503
2902	90	0.200	2024-08-23 08:10:28.071	10	Vertofix Couer	heart	2024-08-23 08:10:28.071	\N	2652
2903	90	0.800	2024-08-23 08:10:28.075	10	Black Pepper	top	2024-08-23 08:10:28.075	\N	2652
3252	90	0.720	2024-09-18 07:18:02.388	10	Iso E Super	base	2024-09-18 07:18:02.388	\N	3002
3253	90	0.120	2024-09-18 07:18:02.394	10	Tonalide	base	2024-09-18 07:18:02.394	\N	3002
3254	90	0.150	2024-09-18 07:18:02.399	10	Hedione	base	2024-09-18 07:18:02.399	\N	3002
3255	90	0.150	2024-09-18 07:18:02.402	10	Ambroxan	base	2024-09-18 07:18:02.402	\N	3002
3256	90	0.120	2024-09-18 07:18:02.406	10	Habanolide	base	2024-09-18 07:18:02.406	\N	3002
3257	90	0.120	2024-09-18 07:18:02.409	10	Bacdanol	base	2024-09-18 07:18:02.409	\N	3002
3258	90	0.105	2024-09-18 07:18:02.413	10	Ethylene Brassylate	base	2024-09-18 07:18:02.413	\N	3002
3259	90	0.075	2024-09-18 07:18:02.415	10	Alpha Isomethyl Ionone	base	2024-09-18 07:18:02.415	\N	3002
3260	90	0.060	2024-09-18 07:18:02.419	10	Cashmeran	base	2024-09-18 07:18:02.419	\N	3002
3261	90	0.030	2024-09-18 07:18:02.422	10	Beta Ionone	base	2024-09-18 07:18:02.422	\N	3002
3262	90	0.075	2024-09-18 07:18:02.426	10	Dihydromyrcenol	heart	2024-09-18 07:18:02.426	\N	3002
3263	90	0.090	2024-09-18 07:18:02.429	10	Linalyl Acetate	top	2024-09-18 07:18:02.429	\N	3002
3264	90	0.075	2024-09-18 07:18:02.433	10	Bergamot	top	2024-09-18 07:18:02.433	\N	3002
3265	90	0.075	2024-09-18 07:18:02.437	10	Lavender	top	2024-09-18 07:18:02.437	\N	3002
3266	90	0.075	2024-09-18 07:18:02.441	10	Tangerine	top	2024-09-18 07:18:02.441	\N	3002
3267	90	0.075	2024-09-18 07:18:02.444	10	Grapefruit Pink	top	2024-09-18 07:18:02.444	\N	3002
3268	90	0.075	2024-09-18 07:18:02.448	10	lemon	top	2024-09-18 07:18:02.448	\N	3002
3269	90	0.060	2024-09-18 07:18:02.45	10	Helvetolide	top	2024-09-18 07:18:02.45	\N	3002
3302	90	0.528	2024-10-09 18:55:47.881	10	Iso E Super	base	2024-10-09 18:55:47.881	\N	3052
3303	90	0.396	2024-10-09 18:55:47.894	10	Hedione	base	2024-10-09 18:55:47.894	\N	3052
3304	90	0.237	2024-10-09 18:55:47.901	10	Lyral	base	2024-10-09 18:55:47.901	\N	3052
3305	90	0.063	2024-10-09 18:55:47.907	10	Coumarin	base	2024-10-09 18:55:47.907	\N	3052
3306	90	0.066	2024-10-09 18:55:47.913	10	Ambroxan	base	2024-10-09 18:55:47.913	\N	3052
3307	90	0.027	2024-10-09 18:55:47.921	10	Bacdanol	base	2024-10-09 18:55:47.921	\N	3052
3308	90	0.015	2024-10-09 18:55:47.926	10	Vanillin	base	2024-10-09 18:55:47.926	\N	3052
3309	90	0.039	2024-10-09 18:55:47.93	10	Coranol	heart	2024-10-09 18:55:47.93	\N	3052
3310	90	0.006	2024-10-09 18:55:47.936	10	Castoreum Synthetic	heart	2024-10-09 18:55:47.936	\N	3052
3311	90	0.291	2024-10-09 18:55:47.941	10	Patchouli	heart	2024-10-09 18:55:47.941	\N	3052
3312	90	0.396	2024-10-09 18:55:47.947	10	Linalyl Acetate	top	2024-10-09 18:55:47.947	\N	3052
3313	90	0.198	2024-10-09 18:55:47.951	10	Bergamot	top	2024-10-09 18:55:47.951	\N	3052
3314	90	0.159	2024-10-09 18:55:47.956	10	Lavender	top	2024-10-09 18:55:47.956	\N	3052
3315	90	0.093	2024-10-09 18:55:47.96	10	Citronellol	top	2024-10-09 18:55:47.96	\N	3052
3316	90	0.066	2024-10-09 18:55:47.964	10	lemon	top	2024-10-09 18:55:47.964	\N	3052
3317	90	0.066	2024-10-09 18:55:47.966	10	Tangerine	top	2024-10-09 18:55:47.966	\N	3052
3318	90	0.027	2024-10-09 18:55:47.97	10	Geranium	top	2024-10-09 18:55:47.97	\N	3052
3319	90	0.021	2024-10-09 18:55:47.972	10	Citral	top	2024-10-09 18:55:47.972	\N	3052
3320	90	0.237	2024-10-09 19:49:29.877	10	Lyral	base	2024-10-09 19:49:29.877	\N	3053
3321	90	0.528	2024-10-09 19:49:29.882	10	Iso E Super	base	2024-10-09 19:49:29.882	\N	3053
3322	90	0.063	2024-10-09 19:49:29.888	10	Coumarin	base	2024-10-09 19:49:29.888	\N	3053
3323	90	0.015	2024-10-09 19:49:29.893	10	Vanillin	base	2024-10-09 19:49:29.893	\N	3053
3324	90	0.396	2024-10-09 19:49:29.897	10	Hedione	base	2024-10-09 19:49:29.897	\N	3053
3325	90	0.066	2024-10-09 19:49:29.903	10	Ambroxan	base	2024-10-09 19:49:29.903	\N	3053
3326	90	0.027	2024-10-09 19:49:29.914	10	Bacdanol	base	2024-10-09 19:49:29.914	\N	3053
3327	90	0.291	2024-10-09 19:49:29.92	10	Patchouli	heart	2024-10-09 19:49:29.92	\N	3053
3328	90	0.006	2024-10-09 19:49:29.926	10	Castoreum Synthetic	heart	2024-10-09 19:49:29.926	\N	3053
3329	90	0.039	2024-10-09 19:49:29.932	10	Coranol	heart	2024-10-09 19:49:29.932	\N	3053
3330	90	0.100	2024-10-09 19:49:29.936	10	Cedarwood Virginian	heart	2024-10-09 19:49:29.936	\N	3053
3331	90	0.159	2024-10-09 19:49:29.939	10	Lavender	top	2024-10-09 19:49:29.939	\N	3053
3332	90	0.396	2024-10-09 19:49:29.941	10	Linalyl Acetate	top	2024-10-09 19:49:29.942	\N	3053
3333	90	0.066	2024-10-09 19:49:29.945	10	lemon	top	2024-10-09 19:49:29.945	\N	3053
3334	90	0.198	2024-10-09 19:49:29.948	10	Bergamot	top	2024-10-09 19:49:29.948	\N	3053
3335	90	0.027	2024-10-09 19:49:29.951	10	Geranium	top	2024-10-09 19:49:29.951	\N	3053
3336	90	0.093	2024-10-09 19:49:29.954	10	Citronellol	top	2024-10-09 19:49:29.954	\N	3053
3337	90	0.066	2024-10-09 19:49:29.957	10	Tangerine	top	2024-10-09 19:49:29.957	\N	3053
3338	90	0.021	2024-10-09 19:49:29.96	10	Citral	top	2024-10-09 19:49:29.96	\N	3053
3339	90	0.030	2024-10-09 19:49:29.965	10	Black Pepper	top	2024-10-09 19:49:29.965	\N	3053
3702	90	1.100	2024-10-24 19:53:25.679	10	Galaxolide	base	2024-10-24 19:53:25.679	\N	3452
3703	90	1.025	2024-10-24 19:53:25.687	10	Iso E Super	base	2024-10-24 19:53:25.687	\N	3452
3704	90	0.275	2024-10-24 19:53:25.692	10	Hedione	base	2024-10-24 19:53:25.692	\N	3452
3705	90	0.150	2024-10-24 19:53:25.695	10	Coumarin	base	2024-10-24 19:53:25.695	\N	3452
3706	90	0.100	2024-10-24 19:53:25.701	10	Vetiver	base	2024-10-24 19:53:25.701	\N	3452
3707	90	0.065	2024-10-24 19:53:25.706	10	Vanillin	base	2024-10-24 19:53:25.706	\N	3452
3708	90	0.065	2024-10-24 19:53:25.711	10	Cashmeran	base	2024-10-24 19:53:25.711	\N	3452
3709	90	0.080	2024-10-24 19:53:25.713	10	Kephalis	base	2024-10-24 19:53:25.713	\N	3452
3710	90	0.050	2024-10-24 19:53:25.719	10	Ambroxan	base	2024-10-24 19:53:25.719	\N	3452
3711	90	0.012	2024-10-24 19:53:25.724	10	Ethylene Brassylate	base	2024-10-24 19:53:25.724	\N	3452
3712	90	0.010	2024-10-24 19:53:25.728	10	Ethyl Vanillin	base	2024-10-24 19:53:25.728	\N	3452
3402	90	1.500	2024-10-15 07:42:46.596	10	Iso E Super	base	2024-10-15 07:42:46.596	\N	3152
3403	90	0.030	2024-10-15 07:42:46.603	10	Hedione	base	2024-10-15 07:42:46.603	\N	3152
3404	90	0.075	2024-10-15 07:42:46.606	10	Vetiver	base	2024-10-15 07:42:46.606	\N	3152
3405	90	0.053	2024-10-15 07:42:46.611	10	Magnolan	base	2024-10-15 07:42:46.611	\N	3152
3406	90	0.045	2024-10-15 07:42:46.614	10	Ambroxan	base	2024-10-15 07:42:46.614	\N	3152
3407	90	0.038	2024-10-15 07:42:46.619	10	Macrolide	base	2024-10-15 07:42:46.619	\N	3152
3408	90	0.105	2024-10-15 07:42:46.621	10	Patchouli	heart	2024-10-15 07:42:46.621	\N	3152
3409	90	0.098	2024-10-15 07:42:46.626	10	Cedarwood Virginian	heart	2024-10-15 07:42:46.626	\N	3152
3410	90	0.060	2024-10-15 07:42:46.629	10	Coranol	heart	2024-10-15 07:42:46.629	\N	3152
3411	90	0.060	2024-10-15 07:42:46.634	10	Hydroxycitronellal	heart	2024-10-15 07:42:46.634	\N	3152
3412	90	0.053	2024-10-15 07:42:46.637	10	Alpha Hexyl Cinnmic Aldehyde	heart	2024-10-15 07:42:46.637	\N	3152
3413	90	0.045	2024-10-15 07:42:46.64	10	Cedrol Crystals Natural	heart	2024-10-15 07:42:46.64	\N	3152
3414	90	0.038	2024-10-15 07:42:46.645	10	Benzoin Siam Resinoid	heart	2024-10-15 07:42:46.645	\N	3152
3415	90	0.038	2024-10-15 07:42:46.65	10	Flowerol 90 (Florosa)	heart	2024-10-15 07:42:46.65	\N	3152
3416	90	0.030	2024-10-15 07:42:46.654	10	CEDRO ATLAS	heart	2024-10-15 07:42:46.654	\N	3152
3417	90	0.030	2024-10-15 07:42:46.659	10	Lilial	heart	2024-10-15 07:42:46.659	\N	3152
3418	90	0.015	2024-10-15 07:42:46.663	10	Elemi EO	heart	2024-10-15 07:42:46.663	\N	3152
3419	90	0.008	2024-10-15 07:42:46.667	10	Aldehyde C-12 Lauric Dodecanal	heart	2024-10-15 07:42:46.667	\N	3152
3420	90	0.008	2024-10-15 07:42:46.669	10	Rhuboflor	heart	2024-10-15 07:42:46.669	\N	3152
3421	90	0.098	2024-10-15 07:42:46.673	10	Bergamot	top	2024-10-15 07:42:46.673	\N	3152
3422	90	0.090	2024-10-15 07:42:46.675	10	Linalyl Acetate	top	2024-10-15 07:42:46.675	\N	3152
3423	90	0.053	2024-10-15 07:42:46.679	10	Citronellol	top	2024-10-15 07:42:46.679	\N	3152
3424	90	0.053	2024-10-15 07:42:46.681	10	lemon	top	2024-10-15 07:42:46.681	\N	3152
3425	90	0.038	2024-10-15 07:42:46.684	10	Pink Pepper	top	2024-10-15 07:42:46.684	\N	3152
3426	99	0.300	2024-10-15 07:42:46.686	1	Wardia	top	2024-10-15 07:42:46.686	\N	3152
2033	90	0.924	2024-06-29 10:58:09.484	10	Ethylene Brassylate	base	2024-06-29 10:58:09.484	\N	1703
2034	90	0.624	2024-06-29 10:58:09.488	10	Hedione	base	2024-06-29 10:58:09.488	\N	1703
2035	90	0.420	2024-06-29 10:58:09.49	10	Galaxolide	base	2024-06-29 10:58:09.49	\N	1703
2036	90	0.081	2024-06-29 10:58:09.493	10	Iso E Super	base	2024-06-29 10:58:09.493	\N	1703
2037	90	0.078	2024-06-29 10:58:09.495	10	Ambroxan	base	2024-06-29 10:58:09.495	\N	1703
2038	90	0.039	2024-06-29 10:58:09.498	10	Ambrettolide	base	2024-06-29 10:58:09.498	\N	1703
2039	90	0.027	2024-06-29 10:58:09.5	10	Cashmeran	base	2024-06-29 10:58:09.5	\N	1703
2040	90	0.027	2024-06-29 10:58:09.503	10	Habanolide	base	2024-06-29 10:58:09.503	\N	1703
2041	90	0.024	2024-06-29 10:58:09.504	10	Lyral	base	2024-06-29 10:58:09.504	\N	1703
2042	90	0.024	2024-06-29 10:58:09.507	10	Alpha Isomethyl Ionone	base	2024-06-29 10:58:09.507	\N	1703
2043	90	0.015	2024-06-29 10:58:09.509	10	Muscenone	base	2024-06-29 10:58:09.509	\N	1703
2044	90	0.009	2024-06-29 10:58:09.512	10	Vanillin	base	2024-06-29 10:58:09.512	\N	1703
2045	90	0.009	2024-06-29 10:58:09.514	10	Tonalide	base	2024-06-29 10:58:09.514	\N	1703
2046	90	0.111	2024-06-29 10:58:09.517	10	Lilial	heart	2024-06-29 10:58:09.517	\N	1703
2047	90	0.084	2024-06-29 10:58:09.518	10	Hydroxycitronellal	heart	2024-06-29 10:58:09.518	\N	1703
2048	90	0.024	2024-06-29 10:58:09.521	10	Jasmophore	heart	2024-06-29 10:58:09.521	\N	1703
2049	90	0.024	2024-06-29 10:58:09.523	10	Vertofix Couer	heart	2024-06-29 10:58:09.523	\N	1703
2050	90	0.009	2024-06-29 10:58:09.526	10	Amyl Salicylate	heart	2024-06-29 10:58:09.526	\N	1703
2051	90	0.004	2024-06-29 10:58:09.529	10	Dihydromyrcenol	heart	2024-06-29 10:58:09.529	\N	1703
2052	90	0.002	2024-06-29 10:58:09.532	10	Patchouli	heart	2024-06-29 10:58:09.532	\N	1703
2053	90	0.114	2024-06-29 10:58:09.534	10	Ethyl Linalool	top	2024-06-29 10:58:09.534	\N	1703
2054	90	0.090	2024-06-29 10:58:09.536	10	Linalyl Acetate	top	2024-06-29 10:58:09.536	\N	1703
2055	90	0.024	2024-06-29 10:58:09.537	10	Agrumen Aldehyde	top	2024-06-29 10:58:09.537	\N	1703
2056	90	0.015	2024-06-29 10:58:09.54	10	Citronellol	top	2024-06-29 10:58:09.54	\N	1703
2057	90	0.014	2024-06-29 10:58:09.542	10	Geranyl Acetate	top	2024-06-29 10:58:09.542	\N	1703
2058	90	0.009	2024-06-29 10:58:09.545	10	Phenyl Ethyl Alcohol (PEA)	top	2024-06-29 10:58:09.545	\N	1703
2059	90	0.009	2024-06-29 10:58:09.547	10	LINALOL	top	2024-06-29 10:58:09.547	\N	1703
2060	99	0.010	2024-06-29 10:58:09.55	1	cis-3 Hexenol	top	2024-06-29 10:58:09.55	\N	1703
3427	90	0.015	2024-10-15 07:42:46.689	10	Sweet Orange	top	2024-10-15 07:42:46.689	\N	3152
3428	90	0.008	2024-10-15 07:42:46.691	10	Geranium	top	2024-10-15 07:42:46.691	\N	3152
3429	90	0.008	2024-10-15 07:42:46.694	10	Styralyl Acetate	top	2024-10-15 07:42:46.694	\N	3152
3502	90	0.270	2024-10-16 16:40:32.393	10	Hedione	base	2024-10-16 16:40:32.393	\N	3252
3503	90	0.120	2024-10-16 16:40:32.399	10	Bacdanol	base	2024-10-16 16:40:32.399	\N	3252
3504	90	0.060	2024-10-16 16:40:32.403	10	Coumarin	base	2024-10-16 16:40:32.403	\N	3252
3505	90	0.054	2024-10-16 16:40:32.406	10	Ethyl Vanillin	base	2024-10-16 16:40:32.406	\N	3252
3506	90	0.042	2024-10-16 16:40:32.41	10	Vanillin	base	2024-10-16 16:40:32.41	\N	3252
3507	90	0.024	2024-10-16 16:40:32.413	10	Ambroxan	base	2024-10-16 16:40:32.413	\N	3252
3508	90	0.015	2024-10-16 16:40:32.418	10	Polysantol	base	2024-10-16 16:40:32.418	\N	3252
3509	90	0.015	2024-10-16 16:40:32.421	10	Vetiver	base	2024-10-16 16:40:32.421	\N	3252
3510	90	0.045	2024-10-16 16:40:32.425	10	Muscenone	base	2024-10-16 16:40:32.425	\N	3252
3511	90	0.006	2024-10-16 16:40:32.427	10	Dihydromyrcenol	heart	2024-10-16 16:40:32.427	\N	3252
3512	90	0.045	2024-10-16 16:40:32.431	10	Jasmophore	heart	2024-10-16 16:40:32.431	\N	3252
3513	90	0.012	2024-10-16 16:40:32.437	10	Raspberry Ketone	heart	2024-10-16 16:40:32.437	\N	3252
3514	90	1.380	2024-10-16 16:40:32.441	10	Patchouli	heart	2024-10-16 16:40:32.441	\N	3252
3452	90	0.038	2024-10-15 07:49:00.641	10	Macrolide	base	2024-10-15 07:49:00.641	\N	3202
3453	90	0.053	2024-10-15 07:49:00.646	10	Magnolan	base	2024-10-15 07:49:00.647	\N	3202
3454	90	0.030	2024-10-15 07:49:00.65	10	Hedione	base	2024-10-15 07:49:00.65	\N	3202
3455	90	0.045	2024-10-15 07:49:00.654	10	Ambroxan	base	2024-10-15 07:49:00.654	\N	3202
3456	90	1.500	2024-10-15 07:49:00.657	10	Iso E Super	base	2024-10-15 07:49:00.657	\N	3202
3457	90	0.075	2024-10-15 07:49:00.662	10	Vetiver	base	2024-10-15 07:49:00.662	\N	3202
3458	90	0.015	2024-10-15 07:49:00.665	10	Elemi EO	heart	2024-10-15 07:49:00.665	\N	3202
3459	90	0.105	2024-10-15 07:49:00.669	10	Patchouli	heart	2024-10-15 07:49:00.669	\N	3202
3460	90	0.008	2024-10-15 07:49:00.672	10	Aldehyde C-12 Lauric Dodecanal	heart	2024-10-15 07:49:00.672	\N	3202
3461	90	0.060	2024-10-15 07:49:00.676	10	Coranol	heart	2024-10-15 07:49:00.676	\N	3202
3462	90	0.053	2024-10-15 07:49:00.68	10	Alpha Hexyl Cinnmic Aldehyde	heart	2024-10-15 07:49:00.68	\N	3202
3463	90	0.008	2024-10-15 07:49:00.684	10	Rhuboflor	heart	2024-10-15 07:49:00.684	\N	3202
3464	90	0.060	2024-10-15 07:49:00.688	10	Hydroxycitronellal	heart	2024-10-15 07:49:00.688	\N	3202
3465	90	0.045	2024-10-15 07:49:00.692	10	Cedrol Crystals Natural	heart	2024-10-15 07:49:00.692	\N	3202
3466	90	0.030	2024-10-15 07:49:00.696	10	Lilial	heart	2024-10-15 07:49:00.696	\N	3202
3467	90	0.030	2024-10-15 07:49:00.7	10	CEDRO ATLAS	heart	2024-10-15 07:49:00.7	\N	3202
3468	90	0.098	2024-10-15 07:49:00.703	10	Cedarwood Virginian	heart	2024-10-15 07:49:00.703	\N	3202
3469	90	0.038	2024-10-15 07:49:00.706	10	Benzoin Siam Resinoid	heart	2024-10-15 07:49:00.706	\N	3202
3470	90	0.038	2024-10-15 07:49:00.708	10	Flowerol 90 (Florosa)	heart	2024-10-15 07:49:00.708	\N	3202
3471	99	0.300	2024-10-15 07:49:00.712	1	Wardia	top	2024-10-15 07:49:00.712	\N	3202
3472	90	0.053	2024-10-15 07:49:00.714	10	Citronellol	top	2024-10-15 07:49:00.714	\N	3202
3473	90	0.090	2024-10-15 07:49:00.717	10	Linalyl Acetate	top	2024-10-15 07:49:00.717	\N	3202
3474	90	0.008	2024-10-15 07:49:00.719	10	Geranium	top	2024-10-15 07:49:00.719	\N	3202
3475	90	0.098	2024-10-15 07:49:00.723	10	Bergamot	top	2024-10-15 07:49:00.723	\N	3202
3476	90	0.015	2024-10-15 07:49:00.725	10	Sweet Orange	top	2024-10-15 07:49:00.725	\N	3202
3477	90	0.038	2024-10-15 07:49:00.729	10	Pink Pepper	top	2024-10-15 07:49:00.729	\N	3202
3478	90	0.053	2024-10-15 07:49:00.731	10	lemon	top	2024-10-15 07:49:00.731	\N	3202
3479	90	0.008	2024-10-15 07:49:00.734	10	Styralyl Acetate	top	2024-10-15 07:49:00.734	\N	3202
3480	90	0.044	2024-10-15 07:49:00.736	10	Methyl Pample Mousse	top	2024-10-15 07:49:00.736	\N	3202
3515	90	0.012	2024-10-16 16:40:32.444	10	Cedarwood Virginian	heart	2024-10-16 16:40:32.444	\N	3252
3516	90	0.165	2024-10-16 16:40:32.448	10	LINALOL	top	2024-10-16 16:40:32.448	\N	3252
3517	90	0.150	2024-10-16 16:40:32.452	10	Bergamot	top	2024-10-16 16:40:32.452	\N	3252
3518	90	0.090	2024-10-16 16:40:32.456	10	Ethyl Linalool	top	2024-10-16 16:40:32.456	\N	3252
3519	90	0.075	2024-10-16 16:40:32.458	10	Linalyl Acetate	top	2024-10-16 16:40:32.458	\N	3252
3520	90	0.030	2024-10-16 16:40:32.461	10	Sweet Orange	top	2024-10-16 16:40:32.461	\N	3252
3521	99	0.090	2024-10-16 16:40:32.464	1	Wardia	top	2024-10-16 16:40:32.464	\N	3252
3522	90	0.024	2024-10-16 16:40:32.467	10	Neroli	top	2024-10-16 16:40:32.467	\N	3252
3523	90	0.015	2024-10-16 16:40:32.469	10	Geranium	top	2024-10-16 16:40:32.469	\N	3252
3524	90	0.002	2024-10-16 16:40:32.473	10	Orris Givco	top	2024-10-16 16:40:32.473	\N	3252
3525	90	0.075	2024-10-16 16:40:32.476	10	Olibanum	top	2024-10-16 16:40:32.476	\N	3252
3526	90	0.168	2024-10-16 16:40:32.478	10	Helvetolide	top	2024-10-16 16:40:32.478	\N	3252
3713	95	0.005	2024-10-24 19:53:25.73	5	Ethyl Maltol	base	2024-10-24 19:53:25.73	\N	3452
3714	90	0.005	2024-10-24 19:53:25.735	10	Labdanum Absolute	base	2024-10-24 19:53:25.735	\N	3452
3715	90	0.174	2024-10-24 19:53:25.738	10	Cedramber	heart	2024-10-24 19:53:25.738	\N	3452
3716	90	0.140	2024-10-24 19:53:25.742	10	Raspberry Ketone	heart	2024-10-24 19:53:25.742	\N	3452
3717	90	0.110	2024-10-24 19:53:25.745	10	Cedarwood Virginian	heart	2024-10-24 19:53:25.745	\N	3452
3718	90	0.020	2024-10-24 19:53:25.749	10	Eugenol	heart	2024-10-24 19:53:25.749	\N	3452
3719	90	0.015	2024-10-24 19:53:25.751	10	Elemi EO	heart	2024-10-24 19:53:25.751	\N	3452
3720	90	0.010	2024-10-24 19:53:25.755	10	Lavandin Grosso	heart	2024-10-24 19:53:25.755	\N	3452
3721	90	0.010	2024-10-24 19:53:25.757	10	Cardamom	heart	2024-10-24 19:53:25.757	\N	3452
3722	90	0.005	2024-10-24 19:53:25.76	10	Vertofix Couer	heart	2024-10-24 19:53:25.76	\N	3452
3723	90	0.003	2024-10-24 19:53:25.762	10	Cedrol Crystals Natural	heart	2024-10-24 19:53:25.762	\N	3452
3724	90	0.003	2024-10-24 19:53:25.766	10	Methyl Anthranilate	heart	2024-10-24 19:53:25.766	\N	3452
3725	90	0.560	2024-10-24 19:53:25.768	10	Bergamot	top	2024-10-24 19:53:25.768	\N	3452
3726	90	0.250	2024-10-24 19:53:25.772	10	Ethyl Linalool	top	2024-10-24 19:53:25.772	\N	3452
3727	90	0.150	2024-10-24 19:53:25.774	10	Methyl Pample Mousse	top	2024-10-24 19:53:25.774	\N	3452
3728	90	0.020	2024-10-24 19:53:25.777	10	Styralyl Acetate	top	2024-10-24 19:53:25.777	\N	3452
3729	90	0.008	2024-10-24 19:53:25.779	10	Sweet Orange	top	2024-10-24 19:53:25.779	\N	3452
3730	90	0.006	2024-10-24 19:53:25.782	10	lemon	top	2024-10-24 19:53:25.782	\N	3452
3731	90	0.005	2024-10-24 19:53:25.785	10	Pink Pepper	top	2024-10-24 19:53:25.785	\N	3452
3732	90	0.005	2024-10-24 19:53:25.789	10	Phenyl Ethyl Alcohol (PEA)	top	2024-10-24 19:53:25.789	\N	3452
3733	90	0.005	2024-10-24 19:53:25.791	10	Nutmeg	top	2024-10-24 19:53:25.791	\N	3452
3734	90	0.003	2024-10-24 19:53:25.795	10	Geranium	top	2024-10-24 19:53:25.795	\N	3452
3735	90	0.003	2024-10-24 19:53:25.797	10	Citronellol	top	2024-10-24 19:53:25.797	\N	3452
3736	90	0.002	2024-10-24 19:53:25.801	10	Geraniol	top	2024-10-24 19:53:25.801	\N	3452
3737	90	0.002	2024-10-24 19:53:25.804	10	Citral	top	2024-10-24 19:53:25.804	\N	3452
3738	99	0.002	2024-10-24 19:53:25.808	1	Triplal	top	2024-10-24 19:53:25.808	\N	3452
3772	90	0.003	2024-11-12 06:22:55.8	10	Petitgrain	top	2024-11-12 06:22:55.8	\N	3502
3773	90	0.012	2024-11-12 06:22:55.805	10	Carrot Seed Essential Oil	top	2024-11-12 06:22:55.805	\N	3502
3774	90	0.054	2024-11-12 06:22:55.809	10	Citronellol	top	2024-11-12 06:22:55.809	\N	3502
3775	90	0.012	2024-11-12 06:22:55.811	10	Geraniol	top	2024-11-12 06:22:55.812	\N	3502
3776	90	0.012	2024-11-12 06:22:55.825	10	Agrumen Aldehyde	top	2024-11-12 06:22:55.825	\N	3502
3777	90	0.045	2024-11-12 06:22:55.828	10	Olibanum	top	2024-11-12 06:22:55.828	\N	3502
3778	90	0.690	2024-11-12 06:22:55.833	10	Orris Givco	top	2024-11-12 06:22:55.833	\N	3502
3552	90	0.319	2024-10-17 18:11:39.947	10	Vanillin	base	2024-10-17 18:11:39.947	\N	3302
3553	90	0.208	2024-10-17 18:11:39.955	10	Ambroxan	base	2024-10-17 18:11:39.955	\N	3302
3554	90	0.026	2024-10-17 18:11:39.959	10	Labdanum Absolute	base	2024-10-17 18:11:39.959	\N	3302
3555	90	0.002	2024-10-17 18:11:39.963	10	Ethyl Vanillin	base	2024-10-17 18:11:39.963	\N	3302
3556	90	0.292	2024-10-17 18:11:39.965	10	Vetiver	base	2024-10-17 18:11:39.966	\N	3302
3557	90	0.087	2024-10-17 18:11:39.97	10	Iso E Super	base	2024-10-17 18:11:39.97	\N	3302
3558	90	0.012	2024-10-17 18:11:39.973	10	Beta Ionone	base	2024-10-17 18:11:39.973	\N	3302
3559	90	0.006	2024-10-17 18:11:39.976	10	Macrolide	base	2024-10-17 18:11:39.976	\N	3302
3560	90	0.032	2024-10-17 18:11:39.979	10	Amyl Salicylate	heart	2024-10-17 18:11:39.979	\N	3302
3561	90	0.134	2024-10-17 18:11:39.983	10	Lilial	heart	2024-10-17 18:11:39.983	\N	3302
3562	90	0.022	2024-10-17 18:11:39.986	10	Jasmophore	heart	2024-10-17 18:11:39.986	\N	3302
3563	90	0.002	2024-10-17 18:11:39.99	10	Benzoin Siam Resinoid	heart	2024-10-17 18:11:39.99	\N	3302
2202	90	1.125	2024-07-14 08:00:27.181	10	Hedione	base	2024-07-14 08:00:27.181	\N	1802
2203	90	0.750	2024-07-14 08:00:27.191	10	Habanolide	base	2024-07-14 08:00:27.191	\N	1802
2204	90	0.075	2024-07-14 08:00:27.195	10	Bacdanol	base	2024-07-14 08:00:27.195	\N	1802
2205	90	0.045	2024-07-14 08:00:27.197	10	Muscenone	base	2024-07-14 08:00:27.197	\N	1802
2206	90	0.030	2024-07-14 08:00:27.203	10	Ambroxan	base	2024-07-14 08:00:27.203	\N	1802
2207	90	0.030	2024-07-14 08:00:27.207	10	Alpha Isomethyl Ionone	base	2024-07-14 08:00:27.207	\N	1802
2208	90	0.023	2024-07-14 08:00:27.211	10	Labdanum Absolute	base	2024-07-14 08:00:27.211	\N	1802
2209	90	0.023	2024-07-14 08:00:27.213	10	Polysantol	base	2024-07-14 08:00:27.213	\N	1802
2210	90	0.008	2024-07-14 08:00:27.217	10	BLACK AGAR GIVCO 215	base	2024-07-14 08:00:27.217	\N	1802
2211	90	0.008	2024-07-14 08:00:27.221	10	Vanillin	base	2024-07-14 08:00:27.221	\N	1802
2212	90	0.006	2024-07-14 08:00:27.225	10	Coumarin	base	2024-07-14 08:00:27.225	\N	1802
2213	90	0.300	2024-07-14 08:00:27.227	10	Cedramber	heart	2024-07-14 08:00:27.227	\N	1802
2214	90	0.030	2024-07-14 08:00:27.231	10	Cedarwood Virginian	heart	2024-07-14 08:00:27.231	\N	1802
2215	90	0.030	2024-07-14 08:00:27.234	10	Elemi EO	heart	2024-07-14 08:00:27.234	\N	1802
2216	90	0.023	2024-07-14 08:00:27.239	10	Cardamom	heart	2024-07-14 08:00:27.239	\N	1802
2217	90	0.008	2024-07-14 08:00:27.241	10	Eugenol	heart	2024-07-14 08:00:27.241	\N	1802
2218	90	0.003	2024-07-14 08:00:27.243	10	Cinnamon Bark 	heart	2024-07-14 08:00:27.243	\N	1802
2219	90	0.003	2024-07-14 08:00:27.246	10	Castoreum Synthetic	heart	2024-07-14 08:00:27.246	\N	1802
2220	90	0.375	2024-07-14 08:00:27.249	10	Helvetolide	top	2024-07-14 08:00:27.25	\N	1802
2221	90	0.030	2024-07-14 08:00:27.252	10	Clary Sage	top	2024-07-14 08:00:27.252	\N	1802
2222	90	0.008	2024-07-14 08:00:27.256	10	Olibanum	top	2024-07-14 08:00:27.256	\N	1802
2223	90	0.006	2024-07-14 08:00:27.258	10	Ylang Ylang Extra	top	2024-07-14 08:00:27.258	\N	1802
2224	90	0.002	2024-07-14 08:00:27.262	10	Phenyl Ethyl Alcohol (PEA)	top	2024-07-14 08:00:27.262	\N	1802
2225	90	0.030	2024-07-14 08:00:27.264	10	Clearwood	top	2024-07-14 08:00:27.264	\N	1802
3564	90	0.711	2024-10-17 18:11:39.993	10	Vertofix Couer	heart	2024-10-17 18:11:39.993	\N	3302
3565	90	0.290	2024-10-17 18:11:39.997	10	Cedarwood Virginian	heart	2024-10-17 18:11:39.997	\N	3302
3566	90	0.293	2024-10-17 18:11:40	10	Patchouli	heart	2024-10-17 18:11:40	\N	3302
3567	90	0.001	2024-10-17 18:11:40.004	10	CEDRO ATLAS	heart	2024-10-17 18:11:40.004	\N	3302
3568	90	0.064	2024-10-17 18:11:40.007	10	LINALOL	top	2024-10-17 18:11:40.007	\N	3302
3569	90	0.057	2024-10-17 18:11:40.011	10	Sweet Orange	top	2024-10-17 18:11:40.011	\N	3302
3570	90	0.031	2024-10-17 18:11:40.013	10	Linalyl Acetate	top	2024-10-17 18:11:40.013	\N	3302
3571	90	0.028	2024-10-17 18:11:40.018	10	Coriander	top	2024-10-17 18:11:40.018	\N	3302
3572	90	0.027	2024-10-17 18:11:40.022	10	Petitgrain	top	2024-10-17 18:11:40.022	\N	3302
3573	90	0.020	2024-10-17 18:11:40.026	10	Lavender	top	2024-10-17 18:11:40.026	\N	3302
3574	90	0.019	2024-10-17 18:11:40.028	10	lemon	top	2024-10-17 18:11:40.028	\N	3302
3575	90	0.014	2024-10-17 18:11:40.032	10	Citral	top	2024-10-17 18:11:40.032	\N	3302
3576	90	0.030	2024-10-17 18:11:40.033	10	Rosemary	top	2024-10-17 18:11:40.033	\N	3302
3577	90	0.003	2024-10-17 18:11:40.037	10	Spearmint	top	2024-10-17 18:11:40.037	\N	3302
3578	90	0.003	2024-10-17 18:11:40.039	10	Black Pepper	top	2024-10-17 18:11:40.039	\N	3302
3579	90	0.038	2024-10-17 18:11:40.042	10	Ylang Ylang Extra	top	2024-10-17 18:11:40.042	\N	3302
3580	90	0.040	2024-10-17 18:11:40.044	10	Geranium	top	2024-10-17 18:11:40.044	\N	3302
3581	90	0.007	2024-10-17 18:11:40.047	10	Geranyl Acetate	top	2024-10-17 18:11:40.047	\N	3302
3582	90	0.002	2024-10-17 18:11:40.05	10	Phenyl Ethyl Alcohol (PEA)	top	2024-10-17 18:11:40.05	\N	3302
3602	90	0.600	2024-10-18 07:36:59.455	10	Galaxolide	base	2024-10-18 07:36:59.455	\N	3352
3603	90	0.585	2024-10-18 07:36:59.462	10	Ethylene Brassylate	base	2024-10-18 07:36:59.462	\N	3352
2302	90	0.780	2024-07-26 15:49:30.274	10	Hedione	base	2024-07-26 15:49:30.274	\N	1902
2303	90	0.450	2024-07-26 15:49:30.283	10	Iso E Super	base	2024-07-26 15:49:30.283	\N	1902
2304	90	0.360	2024-07-26 15:49:30.286	10	Ambroxan	base	2024-07-26 15:49:30.286	\N	1902
2305	90	0.240	2024-07-26 15:49:30.291	10	Vetiver	base	2024-07-26 15:49:30.291	\N	1902
2306	90	0.060	2024-07-26 15:49:30.294	10	Ambrettolide	base	2024-07-26 15:49:30.294	\N	1902
2307	90	0.003	2024-07-26 15:49:30.299	10	Cashmeran	base	2024-07-26 15:49:30.3	\N	1902
2308	90	0.001	2024-07-26 15:49:30.303	10	Alpha Damascone	base	2024-07-26 15:49:30.303	\N	1902
2309	90	0.015	2024-07-26 15:49:30.307	10	Kephalis	base	2024-07-26 15:49:30.307	\N	1902
2310	90	0.027	2024-07-26 15:49:30.309	10	Dihydromyrcenol	heart	2024-07-26 15:49:30.309	\N	1902
2311	90	0.006	2024-07-26 15:49:30.313	10	Amyl Salicylate	heart	2024-07-26 15:49:30.313	\N	1902
2312	90	0.006	2024-07-26 15:49:30.315	10	Patchouli	heart	2024-07-26 15:49:30.315	\N	1902
2313	90	0.006	2024-07-26 15:49:30.32	10	Cassis Base 345B	heart	2024-07-26 15:49:30.32	\N	1902
2314	90	0.001	2024-07-26 15:49:30.324	10	Elemi EO	heart	2024-07-26 15:49:30.324	\N	1902
2315	90	0.375	2024-07-26 15:49:30.33	10	Helvetolide	top	2024-07-26 15:49:30.33	\N	1902
2316	90	0.168	2024-07-26 15:49:30.334	10	Linalyl Acetate	top	2024-07-26 15:49:30.334	\N	1902
2317	95	0.138	2024-07-26 15:49:30.339	5	Methyl Pample Mousse	top	2024-07-26 15:49:30.339	\N	1902
2318	90	0.075	2024-07-26 15:49:30.343	10	Tangerine	top	2024-07-26 15:49:30.343	\N	1902
2319	90	0.060	2024-07-26 15:49:30.348	10	Grapefruit Pink	top	2024-07-26 15:49:30.348	\N	1902
2320	90	0.042	2024-07-26 15:49:30.351	10	LINALOL	top	2024-07-26 15:49:30.351	\N	1902
2321	90	0.039	2024-07-26 15:49:30.355	10	lemon	top	2024-07-26 15:49:30.355	\N	1902
2322	90	0.034	2024-07-26 15:49:30.358	10	Lime	top	2024-07-26 15:49:30.358	\N	1902
2323	90	0.021	2024-07-26 15:49:30.361	10	Ethyl Linalool	top	2024-07-26 15:49:30.361	\N	1902
2324	90	0.013	2024-07-26 15:49:30.364	10	Sweet Orange	top	2024-07-26 15:49:30.364	\N	1902
2325	90	0.006	2024-07-26 15:49:30.368	10	Geranyl Acetate	top	2024-07-26 15:49:30.368	\N	1902
2326	90	0.003	2024-07-26 15:49:30.371	10	Orris Givco	top	2024-07-26 15:49:30.371	\N	1902
2327	99	0.002	2024-07-26 15:49:30.374	1	Triplal	top	2024-07-26 15:49:30.374	\N	1902
3604	90	0.375	2024-10-18 07:36:59.466	10	Hedione	base	2024-10-18 07:36:59.466	\N	3352
3605	90	0.105	2024-10-18 07:36:59.474	10	Ambrettolide	base	2024-10-18 07:36:59.474	\N	3352
3606	90	0.105	2024-10-18 07:36:59.477	10	Muscenone	base	2024-10-18 07:36:59.477	\N	3352
3607	90	0.075	2024-10-18 07:36:59.483	10	Iso E Super	base	2024-10-18 07:36:59.483	\N	3352
3608	90	0.045	2024-10-18 07:36:59.489	10	Ambroxan	base	2024-10-18 07:36:59.489	\N	3352
3609	90	0.021	2024-10-18 07:36:59.494	10	Vanillin	base	2024-10-18 07:36:59.494	\N	3352
3610	99	0.014	2024-10-18 07:36:59.497	1	ISOBUTYL-QUINOLINE	base	2024-10-18 07:36:59.497	\N	3352
3611	90	0.005	2024-10-18 07:36:59.501	10	Alpha Isomethyl Ionone	base	2024-10-18 07:36:59.501	\N	3352
3612	90	0.002	2024-10-18 07:36:59.504	10	Beta Ionone	base	2024-10-18 07:36:59.504	\N	3352
3613	90	0.000	2024-10-18 07:36:59.509	10	Habanolide	base	2024-10-18 07:36:59.509	\N	3352
3614	95	0.030	2024-10-18 07:36:59.513	5	Ethyl Maltol	base	2024-10-18 07:36:59.513	\N	3352
3615	90	0.005	2024-10-18 07:36:59.518	10	Lyral	base	2024-10-18 07:36:59.518	\N	3352
3616	99	0.270	2024-10-18 07:36:59.522	1	Leather Oud 	heart	2024-10-18 07:36:59.522	\N	3352
3617	90	0.210	2024-10-18 07:36:59.527	10	Flowerol 90 (Florosa)	heart	2024-10-18 07:36:59.527	\N	3352
3618	90	0.120	2024-10-18 07:36:59.53	10	Lilial	heart	2024-10-18 07:36:59.53	\N	3352
3619	90	0.018	2024-10-18 07:36:59.534	10	Raspberry Ketone	heart	2024-10-18 07:36:59.534	\N	3352
3620	90	0.009	2024-10-18 07:36:59.538	10	Cedarwood Virginian	heart	2024-10-18 07:36:59.538	\N	3352
3621	90	0.009	2024-10-18 07:36:59.543	10	Jasmophore	heart	2024-10-18 07:36:59.543	\N	3352
3622	90	0.003	2024-10-18 07:36:59.546	10	White Thyme	heart	2024-10-18 07:36:59.546	\N	3352
3623	90	0.018	2024-10-18 07:36:59.549	10	Ethyl Linalool	top	2024-10-18 07:36:59.549	\N	3352
3624	90	0.018	2024-10-18 07:36:59.552	10	LINALOL	top	2024-10-18 07:36:59.552	\N	3352
3625	90	0.006	2024-10-18 07:36:59.555	10	Olibanum	top	2024-10-18 07:36:59.555	\N	3352
3626	99	0.000	2024-10-18 07:36:59.557	1	cis-3 Hexenol	top	2024-10-18 07:36:59.557	\N	3352
2512	90	0.051	2024-08-19 11:35:29.93	10	Vanillin	base	2024-08-19 11:35:29.93	\N	2262
2513	90	0.090	2024-08-19 11:35:29.934	10	Magnolan	base	2024-08-19 11:35:29.934	\N	2262
2514	90	0.200	2024-08-19 11:35:29.946	10	Ethylene Brassylate	base	2024-08-19 11:35:29.946	\N	2262
2515	95	0.100	2024-08-19 11:35:29.95	5	Ethyl Maltol	base	2024-08-19 11:35:29.95	\N	2262
2516	90	0.030	2024-08-19 11:35:29.957	10	Polysantol	base	2024-08-19 11:35:29.957	\N	2262
2517	90	0.100	2024-08-19 11:35:29.968	10	Timbersilk	base	2024-08-19 11:35:29.968	\N	2262
2518	90	0.030	2024-08-19 11:35:29.976	10	Coumarin	base	2024-08-19 11:35:29.976	\N	2262
2519	90	0.100	2024-08-19 11:35:29.986	10	Hedione	base	2024-08-19 11:35:29.986	\N	2262
2520	90	0.015	2024-08-19 11:35:29.993	10	Ambrettolide	base	2024-08-19 11:35:29.993	\N	2262
2521	90	0.030	2024-08-19 11:35:29.997	10	Osmanthus	heart	2024-08-19 11:35:29.997	\N	2262
2522	90	0.015	2024-08-19 11:35:30.003	10	Cassis Base 345B	heart	2024-08-19 11:35:30.003	\N	2262
2523	90	0.030	2024-08-19 11:35:30.009	10	Jasmophore	heart	2024-08-19 11:35:30.009	\N	2262
2524	90	0.060	2024-08-19 11:35:30.014	10	Patchouli	heart	2024-08-19 11:35:30.014	\N	2262
2525	90	0.015	2024-08-19 11:35:30.02	10	Tolu Balsam	heart	2024-08-19 11:35:30.02	\N	2262
2526	90	0.030	2024-08-19 11:35:30.031	10	artemisa	heart	2024-08-19 11:35:30.031	\N	2262
2527	90	0.070	2024-08-19 11:35:30.034	10	Hydroxycitronellal	heart	2024-08-19 11:35:30.034	\N	2262
2528	90	0.060	2024-08-19 11:35:30.042	10	Tangerine	top	2024-08-19 11:35:30.042	\N	2262
2529	90	0.070	2024-08-19 11:35:30.047	10	Bergamot	top	2024-08-19 11:35:30.047	\N	2262
2530	90	0.030	2024-08-19 11:35:30.05	10	Pink Pepper	top	2024-08-19 11:35:30.05	\N	2262
2531	90	0.015	2024-08-19 11:35:30.054	10	Orris Givco	top	2024-08-19 11:35:30.054	\N	2262
2532	90	0.030	2024-08-19 11:35:30.059	10	Ethyl Linalool	top	2024-08-19 11:35:30.059	\N	2262
2533	99	0.030	2024-08-19 11:35:30.062	1	Triplal	top	2024-08-19 11:35:30.062	\N	2262
2534	90	0.035	2024-08-19 11:35:30.066	10	Styralyl Acetate	top	2024-08-19 11:35:30.066	\N	2262
3752	90	0.090	2024-11-12 06:22:55.661	10	Magnolan	base	2024-11-12 06:22:55.661	\N	3502
3753	90	0.750	2024-11-12 06:22:55.672	10	Hedione High Cis	base	2024-11-12 06:22:55.672	\N	3502
3754	90	0.006	2024-11-12 06:22:55.68	10	Beta Ionone	base	2024-11-12 06:22:55.68	\N	3502
3755	90	0.015	2024-11-12 06:22:55.685	10	Cashmeran	base	2024-11-12 06:22:55.685	\N	3502
3756	90	0.450	2024-11-12 06:22:55.694	10	Iso E Super	base	2024-11-12 06:22:55.694	\N	3502
3757	90	0.045	2024-11-12 06:22:55.701	10	Timbersilk	base	2024-11-12 06:22:55.702	\N	3502
3758	90	0.060	2024-11-12 06:22:55.71	10	Ambrettolide	base	2024-11-12 06:22:55.71	\N	3502
3759	90	0.008	2024-11-12 06:22:55.718	10	Macrolide	base	2024-11-12 06:22:55.718	\N	3502
3760	90	0.258	2024-11-12 06:22:55.724	10	Galaxolide	base	2024-11-12 06:22:55.724	\N	3502
3761	90	0.006	2024-11-12 06:22:55.728	10	Lavandin Grosso	heart	2024-11-12 06:22:55.728	\N	3502
3762	90	0.003	2024-11-12 06:22:55.737	10	artemisa	heart	2024-11-12 06:22:55.737	\N	3502
3763	90	0.060	2024-11-12 06:22:55.744	10	Cassis Base 345B	heart	2024-11-12 06:22:55.744	\N	3502
3764	90	0.075	2024-11-12 06:22:55.748	10	Hydroxycitronellal	heart	2024-11-12 06:22:55.748	\N	3502
3765	90	0.018	2024-11-12 06:22:55.756	10	Lilial	heart	2024-11-12 06:22:55.756	\N	3502
3766	90	0.038	2024-11-12 06:22:55.762	10	Alpha Hexyl Cinnmic Aldehyde	heart	2024-11-12 06:22:55.762	\N	3502
3767	90	0.015	2024-11-12 06:22:55.771	10	ambrocenide	heart	2024-11-12 06:22:55.771	\N	3502
3768	99	0.003	2024-11-12 06:22:55.777	1	cis-3 Hexenol	top	2024-11-12 06:22:55.777	\N	3502
3769	99	0.003	2024-11-12 06:22:55.782	1	Triplal	top	2024-11-12 06:22:55.782	\N	3502
3770	90	0.270	2024-11-12 06:22:55.789	10	Grapefruit Pink	top	2024-11-12 06:22:55.789	\N	3502
3771	95	0.045	2024-11-12 06:22:55.795	5	Methyl Pample Mousse	top	2024-11-12 06:22:55.795	\N	3502
3779	90	1.500	2024-11-12 07:15:33.379	10	Hedione	base	2024-11-12 07:15:33.379	\N	3503
3780	90	1.000	2024-11-12 07:15:33.383	10	Habanolide	base	2024-11-12 07:15:33.383	\N	3503
3781	90	0.400	2024-11-12 07:15:33.385	10	Timbersilk	base	2024-11-12 07:15:33.385	\N	3503
3782	90	0.100	2024-11-12 07:15:33.388	10	Bacdanol	base	2024-11-12 07:15:33.388	\N	3503
3783	90	0.060	2024-11-12 07:15:33.392	10	Muscenone	base	2024-11-12 07:15:33.392	\N	3503
3784	90	0.040	2024-11-12 07:15:33.396	10	Ambroxan	base	2024-11-12 07:15:33.396	\N	3503
3785	90	0.040	2024-11-12 07:15:33.399	10	Alpha Isomethyl Ionone	base	2024-11-12 07:15:33.399	\N	3503
3786	90	0.030	2024-11-12 07:15:33.403	10	Labdanum Absolute	base	2024-11-12 07:15:33.403	\N	3503
3787	90	0.030	2024-11-12 07:15:33.406	10	Polysantol	base	2024-11-12 07:15:33.406	\N	3503
3788	90	0.010	2024-11-12 07:15:33.409	10	Vanillin	base	2024-11-12 07:15:33.409	\N	3503
3789	90	0.008	2024-11-12 07:15:33.412	10	Coumarin	base	2024-11-12 07:15:33.412	\N	3503
3790	90	0.040	2024-11-12 07:15:33.415	10	Cedarwood Virginian	heart	2024-11-12 07:15:33.415	\N	3503
3791	90	0.040	2024-11-12 07:15:33.417	10	Elemi EO	heart	2024-11-12 07:15:33.417	\N	3503
3792	90	0.030	2024-11-12 07:15:33.421	10	Cardamom	heart	2024-11-12 07:15:33.421	\N	3503
3793	90	0.010	2024-11-12 07:15:33.423	10	Eugenol	heart	2024-11-12 07:15:33.423	\N	3503
3794	90	0.004	2024-11-12 07:15:33.427	10	Cinnamon Bark 	heart	2024-11-12 07:15:33.427	\N	3503
3795	90	0.004	2024-11-12 07:15:33.429	10	Castoreum Synthetic	heart	2024-11-12 07:15:33.429	\N	3503
3796	90	0.500	2024-11-12 07:15:33.433	10	Helvetolide	top	2024-11-12 07:15:33.433	\N	3503
3797	90	0.040	2024-11-12 07:15:33.435	10	Clary Sage	top	2024-11-12 07:15:33.435	\N	3503
3798	90	0.010	2024-11-12 07:15:33.438	10	Olibanum	top	2024-11-12 07:15:33.438	\N	3503
3799	90	0.008	2024-11-12 07:15:33.441	10	Ylang Ylang Extra	top	2024-11-12 07:15:33.441	\N	3503
3800	90	0.002	2024-11-12 07:15:33.444	10	Phenyl Ethyl Alcohol (PEA)	top	2024-11-12 07:15:33.444	\N	3503
3801	90	0.040	2024-11-12 07:15:33.447	10	Clearwood	top	2024-11-12 07:15:33.447	\N	3503
3802	90	0.100	2024-11-12 07:32:08.664	10	Magnolan	base	2024-11-12 07:32:08.664	\N	3504
3803	90	0.500	2024-11-12 07:32:08.667	10	Hedione	base	2024-11-12 07:32:08.667	\N	3504
3804	90	2.000	2024-11-12 07:32:08.671	10	Iso E Super	base	2024-11-12 07:32:08.671	\N	3504
3805	90	0.035	2024-11-12 07:32:08.673	10	Vetiver	base	2024-11-12 07:32:08.673	\N	3504
3806	90	0.005	2024-11-12 07:32:08.677	10	Ambroxan	base	2024-11-12 07:32:08.677	\N	3504
3807	90	0.250	2024-11-12 07:32:08.679	10	Timbersilk	base	2024-11-12 07:32:08.679	\N	3504
3808	90	0.050	2024-11-12 07:32:08.682	10	Velvione	base	2024-11-12 07:32:08.682	\N	3504
3809	90	0.100	2024-11-12 07:32:08.683	10	Lilial	heart	2024-11-12 07:32:08.683	\N	3504
3810	90	0.050	2024-11-12 07:32:08.687	10	Flowerol 90 (Florosa)	heart	2024-11-12 07:32:08.687	\N	3504
3811	90	0.100	2024-11-12 07:32:08.69	10	Hydroxycitronellal	heart	2024-11-12 07:32:08.69	\N	3504
3812	90	0.100	2024-11-12 07:32:08.693	10	Alpha Hexyl Cinnmic Aldehyde	heart	2024-11-12 07:32:08.693	\N	3504
3813	90	0.020	2024-11-12 07:32:08.695	10	Benzoin Siam Resinoid	heart	2024-11-12 07:32:08.695	\N	3504
3814	90	0.185	2024-11-12 07:32:08.698	10	Cedarwood Virginian	heart	2024-11-12 07:32:08.698	\N	3504
3815	90	0.150	2024-11-12 07:32:08.7	10	Patchouli	heart	2024-11-12 07:32:08.7	\N	3504
3816	90	0.020	2024-11-12 07:32:08.704	10	Elemi EO	heart	2024-11-12 07:32:08.704	\N	3504
3817	90	0.010	2024-11-12 07:32:08.706	10	ambrocenide	heart	2024-11-12 07:32:08.706	\N	3504
3818	90	0.425	2024-11-12 07:32:08.709	10	Vertofix Couer	heart	2024-11-12 07:32:08.709	\N	3504
3819	90	0.010	2024-11-12 07:32:08.711	10	Styralyl Acetate	top	2024-11-12 07:32:08.711	\N	3504
3820	90	0.200	2024-11-12 07:32:08.714	10	Bergamot	top	2024-11-12 07:32:08.714	\N	3504
3821	90	0.125	2024-11-12 07:32:08.716	10	Linalyl Acetate	top	2024-11-12 07:32:08.716	\N	3504
3822	90	0.050	2024-11-12 07:32:08.72	10	Sweet Orange	top	2024-11-12 07:32:08.72	\N	3504
3823	90	0.010	2024-11-12 07:32:08.722	10	Freskomenthe	top	2024-11-12 07:32:08.722	\N	3504
3824	90	0.075	2024-11-12 07:32:08.725	10	Black Pepper	top	2024-11-12 07:32:08.725	\N	3504
3825	95	0.150	2024-11-12 07:32:08.727	5	Methyl Pample Mousse	top	2024-11-12 07:32:08.727	\N	3504
3826	90	0.150	2024-11-12 07:32:08.73	10	LINALOL	top	2024-11-12 07:32:08.73	\N	3504
3827	90	0.010	2024-11-12 07:32:08.731	10	Geranium	top	2024-11-12 07:32:08.731	\N	3504
3828	90	0.075	2024-11-12 07:32:08.734	10	Citronellol	top	2024-11-12 07:32:08.734	\N	3504
3829	90	0.020	2024-11-12 07:32:08.736	10	Oakmoss Absolute 	top	2024-11-12 07:32:08.736	\N	3504
3852	90	1.120	2024-11-13 05:27:05.342	10	Galaxolide	base	2024-11-13 05:27:05.342	\N	3552
3853	90	0.480	2024-11-13 05:27:05.349	10	Iso E Super	base	2024-11-13 05:27:05.349	\N	3552
3854	90	0.400	2024-11-13 05:27:05.352	10	Hedione	base	2024-11-13 05:27:05.352	\N	3552
3855	90	0.140	2024-11-13 05:27:05.355	10	Bacdanol	base	2024-11-13 05:27:05.355	\N	3552
3856	90	0.120	2024-11-13 05:27:05.357	10	Ethyl Vanillin	base	2024-11-13 05:27:05.357	\N	3552
3857	90	0.120	2024-11-13 05:27:05.362	10	Ethylene Brassylate	base	2024-11-13 05:27:05.362	\N	3552
3858	90	0.120	2024-11-13 05:27:05.366	10	Muscenone	base	2024-11-13 05:27:05.366	\N	3552
3859	90	0.080	2024-11-13 05:27:05.37	10	Vanillin	base	2024-11-13 05:27:05.37	\N	3552
3860	90	0.024	2024-11-13 05:27:05.374	10	Labdanum Absolute	base	2024-11-13 05:27:05.374	\N	3552
3861	90	0.020	2024-11-13 05:27:05.379	10	Coumarin	base	2024-11-13 05:27:05.379	\N	3552
3862	90	0.520	2024-11-13 05:27:05.382	10	Patchouli	heart	2024-11-13 05:27:05.382	\N	3552
3863	90	0.120	2024-11-13 05:27:05.386	10	Methyl Ionone Gamma	heart	2024-11-13 05:27:05.386	\N	3552
3864	90	0.100	2024-11-13 05:27:05.39	10	Cedarwood Virginian	heart	2024-11-13 05:27:05.39	\N	3552
3865	90	0.030	2024-11-13 05:27:05.395	10	Cardamom	heart	2024-11-13 05:27:05.395	\N	3552
3866	90	0.024	2024-11-13 05:27:05.4	10	Benzoin Siam Resinoid	heart	2024-11-13 05:27:05.4	\N	3552
3867	90	0.016	2024-11-13 05:27:05.405	10	Castoreum Synthetic	heart	2024-11-13 05:27:05.405	\N	3552
3868	90	0.012	2024-11-13 05:27:05.408	10	Aldehyde C-14 Gamma Undecalactone	heart	2024-11-13 05:27:05.408	\N	3552
3869	90	0.010	2024-11-13 05:27:05.414	10	Elemi EO	heart	2024-11-13 05:27:05.414	\N	3552
3870	90	0.008	2024-11-13 05:27:05.416	10	artemisa	heart	2024-11-13 05:27:05.416	\N	3552
3871	99	0.008	2024-11-13 05:27:05.42	1	Birch Tar Rectified	top	2024-11-13 05:27:05.42	\N	3552
3872	90	0.080	2024-11-13 05:27:05.423	10	Oakmoss Absolute 	top	2024-11-13 05:27:05.423	\N	3552
3873	90	0.080	2024-11-13 05:27:05.427	10	Petitgrain	top	2024-11-13 05:27:05.427	\N	3552
3874	90	0.060	2024-11-13 05:27:05.43	10	Geraniol	top	2024-11-13 05:27:05.43	\N	3552
3875	90	0.060	2024-11-13 05:27:05.434	10	Phenyl Ethyl Alcohol (PEA)	top	2024-11-13 05:27:05.434	\N	3552
3876	90	0.015	2024-11-13 05:27:05.436	10	Coriander	top	2024-11-13 05:27:05.436	\N	3552
3877	90	0.200	2024-11-13 05:27:05.439	10	Ylang Ylang Extra	top	2024-11-13 05:27:05.439	\N	3552
3878	90	0.120	2024-11-13 05:32:10.256	10	Ethylene Brassylate	base	2024-11-13 05:32:10.256	\N	3553
3879	90	1.120	2024-11-13 05:32:10.26	10	Galaxolide	base	2024-11-13 05:32:10.26	\N	3553
3880	90	0.120	2024-11-13 05:32:10.262	10	Muscenone	base	2024-11-13 05:32:10.262	\N	3553
3881	90	0.120	2024-11-13 05:32:10.265	10	Ethyl Vanillin	base	2024-11-13 05:32:10.265	\N	3553
3882	90	0.024	2024-11-13 05:32:10.267	10	Labdanum Absolute	base	2024-11-13 05:32:10.267	\N	3553
3883	90	0.080	2024-11-13 05:32:10.27	10	Vanillin	base	2024-11-13 05:32:10.27	\N	3553
3884	90	0.480	2024-11-13 05:32:10.272	10	Iso E Super	base	2024-11-13 05:32:10.272	\N	3553
3885	90	0.400	2024-11-13 05:32:10.276	10	Hedione	base	2024-11-13 05:32:10.276	\N	3553
3886	90	0.020	2024-11-13 05:32:10.278	10	Coumarin	base	2024-11-13 05:32:10.278	\N	3553
3887	90	0.140	2024-11-13 05:32:10.281	10	Bacdanol	base	2024-11-13 05:32:10.281	\N	3553
3888	0	0.130	2024-11-13 05:32:10.283	100	DPG	base	2024-11-13 05:32:10.283	\N	3553
3889	90	0.016	2024-11-13 05:32:10.286	10	Castoreum Synthetic	heart	2024-11-13 05:32:10.286	\N	3553
3890	90	0.024	2024-11-13 05:32:10.289	10	Benzoin Siam Resinoid	heart	2024-11-13 05:32:10.289	\N	3553
3891	90	0.100	2024-11-13 05:32:10.292	10	Cedarwood Virginian	heart	2024-11-13 05:32:10.292	\N	3553
3892	90	0.520	2024-11-13 05:32:10.294	10	Patchouli	heart	2024-11-13 05:32:10.294	\N	3553
3893	90	0.012	2024-11-13 05:32:10.297	10	Aldehyde C-14 Gamma Undecalactone	heart	2024-11-13 05:32:10.297	\N	3553
3894	90	0.120	2024-11-13 05:32:10.299	10	Methyl Ionone Gamma	heart	2024-11-13 05:32:10.299	\N	3553
3895	90	0.008	2024-11-13 05:32:10.302	10	artemisa	heart	2024-11-13 05:32:10.302	\N	3553
3896	90	0.030	2024-11-13 05:32:10.304	10	Cardamom	heart	2024-11-13 05:32:10.304	\N	3553
3897	90	0.010	2024-11-13 05:32:10.307	10	Elemi EO	heart	2024-11-13 05:32:10.307	\N	3553
3898	90	0.017	2024-11-13 05:32:10.309	10	ambrocenide	heart	2024-11-13 05:32:10.309	\N	3553
3899	90	0.080	2024-11-13 05:32:10.313	10	Oakmoss Absolute 	top	2024-11-13 05:32:10.313	\N	3553
3900	90	0.060	2024-11-13 05:32:10.314	10	Phenyl Ethyl Alcohol (PEA)	top	2024-11-13 05:32:10.314	\N	3553
3901	90	0.200	2024-11-13 05:32:10.318	10	Ylang Ylang Extra	top	2024-11-13 05:32:10.318	\N	3553
3902	99	0.008	2024-11-13 05:32:10.321	1	Birch Tar Rectified	top	2024-11-13 05:32:10.321	\N	3553
3903	90	0.015	2024-11-13 05:32:10.324	10	Coriander	top	2024-11-13 05:32:10.324	\N	3553
3904	90	0.080	2024-11-13 05:32:10.326	10	Petitgrain	top	2024-11-13 05:32:10.326	\N	3553
3905	90	0.060	2024-11-13 05:32:10.329	10	Geraniol	top	2024-11-13 05:32:10.329	\N	3553
3952	90	0.132	2024-11-19 16:08:08.397	10	Aurantiol	base	2024-11-19 16:08:08.397	\N	3602
3953	90	0.019	2024-11-19 16:08:08.403	10	Coumarin	base	2024-11-19 16:08:08.403	\N	3602
3954	90	0.019	2024-11-19 16:08:08.408	10	Macrolide	base	2024-11-19 16:08:08.408	\N	3602
3955	90	0.341	2024-11-19 16:08:08.413	10	Benzyl Salicylate	base	2024-11-19 16:08:08.413	\N	3602
3956	90	0.085	2024-11-19 16:08:08.418	10	Sandalwood	base	2024-11-19 16:08:08.418	\N	3602
3957	90	0.151	2024-11-19 16:08:08.424	10	Vanillin	base	2024-11-19 16:08:08.424	\N	3602
3958	90	0.114	2024-11-19 16:08:08.43	10	artemisa	heart	2024-11-19 16:08:08.43	\N	3602
3959	90	0.227	2024-11-19 16:08:08.436	10	Hydroxycitronellal	heart	2024-11-19 16:08:08.436	\N	3602
3960	90	0.085	2024-11-19 16:08:08.44	10	Patchouli	heart	2024-11-19 16:08:08.44	\N	3602
3961	90	0.227	2024-11-19 16:08:08.445	10	Amyl Salicylate	heart	2024-11-19 16:08:08.445	\N	3602
3962	90	0.019	2024-11-19 16:08:08.449	10	Methyl Anthranilate	heart	2024-11-19 16:08:08.449	\N	3602
3963	90	0.303	2024-11-19 16:08:08.452	10	Linalyl Acetate	top	2024-11-19 16:08:08.452	\N	3602
3964	90	0.114	2024-11-19 16:08:08.456	10	Citral	top	2024-11-19 16:08:08.456	\N	3602
3965	90	0.189	2024-11-19 16:08:08.459	10	lemon	top	2024-11-19 16:08:08.459	\N	3602
3966	90	0.047	2024-11-19 16:08:08.463	10	Citronellol	top	2024-11-19 16:08:08.463	\N	3602
3967	90	0.341	2024-11-19 16:08:08.466	10	Geranium	top	2024-11-19 16:08:08.466	\N	3602
3968	90	0.170	2024-11-19 16:08:08.469	10	Lavender	top	2024-11-19 16:08:08.469	\N	3602
3969	90	0.114	2024-11-19 16:08:08.472	10	LINALOL	top	2024-11-19 16:08:08.472	\N	3602
3970	90	0.076	2024-11-19 16:08:08.475	10	Oakmoss Absolute 	top	2024-11-19 16:08:08.475	\N	3602
3971	90	0.076	2024-11-19 16:08:08.478	10	Phenyl Ethyl Alcohol (PEA)	top	2024-11-19 16:08:08.478	\N	3602
3972	90	0.170	2024-11-19 16:08:08.481	10	Sweet Orange	top	2024-11-19 16:08:08.481	\N	3602
3973	90	0.095	2024-11-19 16:08:08.484	10	Ylang Ylang Extra	top	2024-11-19 16:08:08.484	\N	3602
\.


--
-- Data for Name: formulas_management; Type: TABLE DATA; Schema: public; Owner: root
--

COPY public.formulas_management (id, created, name, status, updated, version, project_id) FROM stdin;
3	2024-04-07 10:13:27.413	Glossier	in_progress	2024-04-07 10:13:27.413	0.0.1	4
102	2024-04-21 10:23:46.826	hermes twilly	in_progress	2024-04-21 10:23:46.826	0.0.1	52
152	2024-05-20 16:16:56.222	prada	in_progress	2024-05-20 16:16:56.222	0.0.1	52
202	2024-05-21 06:50:12.774	le male	in_progress	2024-05-21 06:50:12.774	0.0.1	52
252	2024-05-21 20:36:13.978	mugler angel	in_progress	2024-05-21 20:36:13.978	0.0.1	52
302	2024-05-26 08:41:24.288	oths	in_progress	2024-05-26 08:41:24.288	0.0.1	52
352	2024-05-28 20:10:20.045	cartier	in_progress	2024-05-28 20:10:20.045	0.0.1	52
402	2024-05-29 05:52:53.318	zino	in_progress	2024-05-29 05:52:53.318	0.0.1	52
452	2024-06-02 10:19:19.447	side effect	in_progress	2024-06-02 10:19:19.447	0.0.1	52
453	2024-06-02 11:52:59.658	boss one	in_progress	2024-06-02 11:52:59.658	0.0.1	52
602	2024-06-07 16:42:02.14	Encre Noir	in_progress	2024-06-07 16:42:02.14	0.0.1	52
702	2024-06-09 06:38:06.346	gulerian vetiver	in_progress	2024-06-09 06:38:06.346	0.0.1	52
752	2024-06-11 06:58:50.691	terre de hermes	in_progress	2024-06-11 06:58:50.691	0.0.1	52
753	2024-06-11 07:24:07.592	aventus	in_progress	2024-06-11 07:24:07.592	0.0.1	52
802	2024-06-15 09:03:29.197	jardin du nil	in_progress	2024-06-15 09:03:29.197	0.0.1	52
803	2024-06-15 12:21:37.321	bvlgari au the vert	in_progress	2024-06-15 12:21:37.321	0.0.1	52
852	2024-06-18 06:41:06.546	oajan	in_progress	2024-06-18 06:41:06.546	0.0.1	52
1053	2024-06-29 10:35:24.832	guilty	in_progress	2024-06-29 10:35:24.832	0.0.1	252
1152	2024-07-14 07:12:46.581	first	in_progress	2024-07-14 07:12:46.581	0.0.1	352
1252	2024-07-26 14:56:31.029	elysium	in_progress	2024-07-26 14:56:31.029	0.0.1	452
1302	2024-08-19 10:43:58.943	osmanato	in_progress	2024-08-19 10:43:58.943	0.0.1	502
1452	2024-08-23 06:43:59.494	teste	in_progress	2024-08-23 06:43:59.494	0.0.1	652
1502	2024-08-24 18:31:52.661	sunshine	in_progress	2024-08-24 18:31:52.661	0.0.1	702
1552	2024-09-12 19:45:29.835	turberose	in_progress	2024-09-12 19:45:29.835	0.0.1	52
1602	2024-09-18 06:44:16.138	PDM Sedley	in_progress	2024-09-18 06:44:16.138	0.0.1	52
1652	2024-10-09 18:32:13.993	pathouli	in_progress	2024-10-09 18:32:13.993	0.0.1	652
1752	2024-10-16 16:09:52.3	Coromandel	in_progress	2024-10-16 16:09:52.3	0.0.1	652
1802	2024-10-17 17:39:35.4	desert mrocan	in_progress	2024-10-17 17:39:35.4	0.0.1	652
1852	2024-10-18 07:09:34.021	tuscan leather 	in_progress	2024-10-18 07:09:34.022	0.0.1	652
1902	2024-10-19 06:55:42.644	opium meen	in_progress	2024-10-19 06:55:42.644	0.0.1	652
1952	2024-10-24 19:34:43.514	spicebomb	in_progress	2024-10-24 19:34:43.514	0.0.1	652
2002	2024-11-13 04:48:47.416	MARQUIS DE SADE 174000	in_progress	2024-11-13 04:48:47.416	0.0.1	652
2052	2024-11-19 16:01:21.56	fougere royal	in_progress	2024-11-19 16:01:21.56	0.0.1	652
\.


--
-- Data for Name: ingredients; Type: TABLE DATA; Schema: public; Owner: root
--

COPY public.ingredients (ingredient_id, cas_number, name, odor_description, odor_impact, odor_life, pyramid_level, type, ifra) FROM stdin;
1	3738-00-9	Ambroxan	Ambroxan, nota amaderada, ámbar, dulce, terrosa y almizclada con una delicada tonalidad anima	400	750	base	syntetic	\N
3	28645-51-4	Ambrettolide	Ambrettolide is a rich but delicate animallic musk used in traces (from 0.01%) in all types where it adds diffusion warmth roundness	30	450	base	syntetic	\N
4	8000-27-9	Cedarwood Virginian	Cedarwood Virginian Essential Oil is cedarwood pencil-shavings woody fresh mild sweet-balsamic pencil-wood wood mens fougere lavender chypre oriental.	90	32	heart	eo	\N
5	8008-45-5	Nutmeg	Nutmeg Essential Oil is sweet warm terpeney rubbery peppery herb nutmeg warm-spicy spice sauces cakes.	90	5	top	eo	\N
6	32388-55-9	Vertofix Couer	Vertofix Couer is warm precious-wood musky amber-undertone amber woody mens lavender fougere chypre.	70	45	heart	syntetic	\N
53	24851-98-7	Hedione	Hedione is fresh natural oily jasmine sweet green extremely persistent powerful floral fruity flower magnolia muguet tuberose all-florals fixer jonquil raspberry strawberry melon caramel chocolate peach.	65	160	base	syntetic	\N
59	8000-66-6	Cardamom	Cardamom oil is steam distilled from the seeds of Elettaria Cardamomum and is one of the most aromatic and useful of the spice oils in perfumery, giving useful support to citrus, floral, woody and a multitude of other types of fragrance	300	50	heart	eo	\N
102	8006-82-4	Black Pepper	18405Black Pepper Essential Oil has very nice black pepper fresh dry woody warm-spicy balsamic terpeney odour useful for mens citrus fraiche colognes, spice herbal topnotes, meat pickles bread curry nuances in perfumes.	150	10	top	eo	\N
152	68917-52-2	Pink Pepper	Pink Pepper Essential Oil is Peppery, woody, spicy, ginger, aromatic, tropical and caryophyllene.	100	50	top	eo	\N
153	8016-63-5	Clary Sage	Clary Sage Essential Oil is herbaceous lavender grassy balsamic warm-musk warm sweet nutty-herbaceous herb eau-de-colognes fougere grape wine liquer.	105	20	top	eo	\N
155	mix	Jasmophore	Jasmophore is one of the many jasmine reconstructions bases available on the market. In this case a heavy, strongly indolic smell was obtained. As with the natural absolute, the fragrance is very diffuse, dense and even overwhelming.	50	50	heart	syntetic	\N
159	mix-2	Orris Givco	this is very special base created by Givaudan using captive molecules. It is an extremely accurate rendition of true orris butter.	50	50	top	syntetic	\N
403	mix	Osmanthus	The scent of osmanthus base from Firmenich, as in the case of other substances of this type, is slightly different from the smell of the natural raw material. Compared to the absolute, it is smoother, creamier, with more accentuated nuances of ripe apricots	100	200	heart	syntetic	\N
405	8-11-4940	Ethyl Maltol	Ethyl Maltol is sweet aromatic burnt cotton sugar candy jamy strawberry vanillin-modifier vanilla pineapple milk caramel toffee chocolate meat flavour-enhancer.	2500	200	base	syntetic	\N
407	1222-05-5	Galaxolide	Galaxolide is strong* diffusive sweet floral musky, clean macrocyclic soap-powder-like lactonic slightly fruity	20	100	base	syntetic	\N
408	mix	Tuberose	floral, sweet, spicy, honeysuckle, balsamic	100	100	heart	syntetic	\N
411	mix	Irival Ollifac 0612	floral, elegant, powdery, iris	100	50	top	syntetic	\N
412	121-32-4	Ethyl Vanillin	Ethyl Vanillin is sweet vanilla floral remotely so commercial ~ethyl vanillin but not same strength oriental fougere chypre caramel strawberry cream butter toffee as-modifier all milk meat fruit.	600	270	base	syntetic	\N
413	8016-38-4*10	Neroli	A delicious harmony of floral and citrus. \n	15	7	top	eo	\N
415	8000-46-2	Geranium	Geranium Essential Oil is bright and fresh with a green-leaf, minty rose body. This delicious essential oil has perfect touches of sweet rose and light carnation	170	14	top	eo	\N
416	79-77-6	Beta Ionone	Beta Ionone is sweet floral violet raspberry woody fruity floral distinctive beeswax modification warm dry freesia grape strawberry soap pine needle frags berry cherry muscatel nut licorice candy.	120	100	base	syntetic	\N
417	10339-55-6	Ethyl Linalool	Ethyl Linalool is fresh bois de rose herbal wet green lavender bergamot.	100	12	top	syntetic	\N
419	8008-31-9	Tangerine	Tangerine Essential Oil is tangerine/mandarin sweet citrus tangerine fresh orange aldehydic citral.	120	6	top	eo	\N
421	84238-39-1	Patchouli	Patchouli Essential Oil is old wood woody balsamic weedy earthy rich herbaceous camphoraceous sweet herbaceous-earthy powdery bases fixative amber masculine/men s blackcurrant.	98	42	heart	eo	\N
52	107-75-5	Hydroxycitronellal	Hydroxycitronellal is lily-of-the-valley light floral lily sweet linden blossom fresh delicate muguet valley lindenblossom lilac cyclamen peony sweet-pea lindenblossm pea (pois-de-senteur) gardenia cherry melon mint.	25	40	heart	eo	2.1
154	97-53-0	Eugenol	Eugenol is pungent spicy clove warm powerful warm-spicy rather dry almost sharp drier harder that bud oil less peppery-woody leaf carnation rose oriental fougere bay fern wallflower giroflee tobacco flower.	175	48	heart	syntetic	2.5
202	8007-75-8	Bergamot	Bergamot Essential Oil is woody orange linalyl acetate fresh citrus-floral terpene sweet floral herbal bitter eau-de-colognes all chypre fougere blender-between bergamot pine needle balsamic earl-grey-tea tobacco.	110	8	top	eo	0.40
203	107898-54-4	Polysantol	A rich and diffusive sandalwood note of superb quality and great strength	100	336	base	syntetic	1.1
204	54464-57-2	Iso E Super	Iso E Super is woody amber velvety slightly-vetiver earthy modern mens.	40	280	base	syntetic	20
404	8008-26-2	Lime	Fresco, aromatico, afrutado, rico, afilado, cítrico, verde.	135	2	top	eo	0.70
406	1335-46.2	Methyl Ionone Gamma	Woody, tobacco, floral (orris and violet).	50	50	heart	syntetic	30
409	8006-81-3	Ylang Ylang Extra	Ylang Ylang Essential Oil Extra is ylang ylang flower intensely sweet floral diffusive spicy.	120	20	top	eo	0.73
410	106-22-9	Citronellol	Citronellol is fresh floral outstandig clean red rosy muguet rhodinol geranium floral-citrus pine peach berry raspberry.	100	20	top	syntetic	12
418	8016-20-4	Grapefruit White	Grapefruit White Essential Oil is natural fresh grapefruit sweet citrus juicy verbena verveine lemon gardenia chypre orangeflower fleur.	150	1	top	eo	4.0
425	mix	Amber Accord	hay que mirar como se hizo	50	50	heart	syntetic	\N
424	105-95-3	Ethylene Brassylate	Ethylene Brassylate is macrocyclic musk herbal oily poorly soluble propylene glycol sweet-musky outstanding poorer ester tend develop fatty-rancid almost castor oil offodors upon ageing oriental fougere chypre blender-all-.	40	280	base	syntetic	\N
427	82356-51-2	Muscenone	Muscenone is one of the most powerful commercially available (non-captive) macrocyclic musks, with an odour detection threshold as low as that of Galaxolide.	50	50	base	syntetic	\N
428	36306-87-3	Kephalis	Kephalis is woody herbal honey men s leather vetivert oriental fougere lavender pine amber green-florals.	80	120	base	syntetic	\N
429	111879-80-2	Habanolide	Habanolide has a strong diffusive musky clean soapy sweet floral odour typical of other macrocylic musks. .	100	348	base	syntetic	\N
431	141773-73-1	Helvetolide	HELVETOLIDE®(Firmenich) offers excellent volatile pear-like facets and smooth ambrette undertones. Its unexpected volume and richness propelled it as a cornerstone of perfumery ingredients. It fixates without suppressing a fragrance, it can skew floral notes and smooths fruity notes without functional connotations.	100	0	top	syntetic	\N
432	37609-25-9	Velvione	Musky, Powdery, Slightly Animalic Use: Velvione is an exceptional product: a powdery macrocyclic musk that is powerful, highly substantive and stable, as well as biodegradable. Velvione has a nitro-musk aspect that is not found either in other commonly used macrocyclic musks, nor in polycyclic musks. Velvione is excellent in all applications, including fine fragrance, where it adds a powdery volume and musky softness, and laundry care, where its high substantivity and clean musky note are highly valued.	25	200	base	syntetic	\N
433	18479-58-8	Dihydromyrcenol	Extensively used in many classical and modern perfumes.\nDihydromyrcenol imparts a powerful, fresh lime-like, citrusy-floral and sweet odor with little or no terpenic undertones.	120	50	heart	syntetic	\N
435	8016-26-0	Tolu Balsam	Tolu Balsam Resinoid is sweet balsamic vanilla spicy plum sweet floral peppery-undertone rich balsamic-floral oriental spice prune raisin.	90	72	heart	syntetic	\N
436	def	Labdanum Absolute	Labdanum Absolute is leather castoreum balsamic amber fruity tobacco rich sweet herbaceous-balsamic krishna-musk mens masculine.	200	100	base	syntetic	\N
453	7786-67-6	IsoPulegol	minty cooling medicinal woody green grassy herbal	100	28	heart	syntetic	\N
454	8008-79-5	Spearmint	Spearmint Essential Oil is spearmint herbal spicy minty caraway cool warm spicy-herbaceous fresh-herb-citrus-top-notes rose mint.	230	8	top	eo	\N
455	2050-08-0	Amyl Salicylate	Amyl Salicylate is aromatic herbaceous orchid hay chamomile mild-floral medicinal green fougere carnation hyacinth trefle root-beer fruit grape lavender.	110	36	heart	syntetic	\N
456	8001-88-5	Birch Tar Rectified	Birch tar Oil is a powerful and smoky, high-impact oil that smells of burnt wood, tar, and oil,se deberia bajar a 0.1	1200	0	top	syntetic	\N
457	8008-52-4	Coriander	Coriander Essential Oil is sweet spicy herbal floral linalool fresh woody woody-spicy musky spice green-florals citrus-colognes herb oriental mango shalimar carnation dianthus oeillet gin curry tea soup vegetable.	145	21	top	eo	\N
458	110-41-8	ALDEHYDE C-12 MNA	A classical and powerful aldehyde with citrus, fresh, ozonic and slightly ambery tones.\nA long-lasting fresh and clean note that brings bloom and brightness to virtually all fragrance types.	50	50	heart	syntetic	\N
459	8015-91-6	Cinnamon Bark 	Cinnamon Bark Essential Oil is sweet cinnamic warm woody aromatic balsamic dry tenacious oriental spice opium cinnabar vanilla cinnamon fruit apple pie cassia berry guava tomato wine beer brandy rice candy cola mint cherry.	150	80	heart	eo	\N
460	mix	BLACK AGAR GIVCO 215	Base creada por Givaudan, que recrea el olor del mítico Agarwood. Con notas de ámbar, olibanum y balsámicas, que otorgan sofisticación, riqueza y elegancia a acordes amaderados, inciensos y chipres.\n\nEstá presente desde la nota de salida hasta la nota de fondo\n\nMadera, oud, vetiver, dulce, balsámico, animal, ámbar, especiado, ahumado	50	50	base	syntetic	\N
461	60-12-8	Phenyl Ethyl Alcohol (PEA)	Phenyl Ethyl Alcohol (PEA) is soft fresh rose green phenolic muguet all-florals blender raspberry honey cantaloupe-melon caramel strawberry.	60	24	top	syntetic	\N
462	8014-17-3	Petitgrain	Petitgrain Essential Oil Paraguay is fresh bergamot sweet neroli citrus-orange terpene sweet floral woody-herbal brillcreme eau-de-colognes fresh-topnotes lily citrus colognes orangeflower fleur d oranger fern.	110	8	top	eo	\N
463	10022-28-3	Octacetal	Citrus-lemon and lime, waxy, green-leafy, floral-rose and violet. Powerful. Top-to-middle note	100	50	heart	syntetic	\N
464	78-70-6	LINALOL	Molécula presente en la Lavanda, el muguet y otras flores, se usa en innumerables composiciones, ya sean florales, ambaradas, aldehídicas, herbáceas, amaderadas..\n\nPerfecta para dar brillo y abrir una fórmula pesada y profunda. También actua como buen modificador\n\nFloral, lavanda, dulce, verde, cítrico, amaderado	50	50	top	syntetic	\N
466	84787-70-2	Sandalwood	Sandalwood Essential Oil has a rich creamy Sandalwood odour with woody cashew nut creamy bread-like santal notes.	70	1000	base	eo	\N
467	928-96-1	cis-3 Hexenol	cis-3 Hexenol is fresh natural-green cut-grass leafy powerful green grassy green-top-notes natural-transparent-florals muguet lilac topnotes floral lavender strawberry mint lemon pear.	700	4	top	syntetic	\N
468	8000-25-7	Rosemary	Rosemary Essential Oil is fresh strong camphor woody balsamic herbal minty camphoraceous floral-herb cool eucalyptus grassy balsamic minty herbaceous oils have comphoraceous herb lavender fougere lotions fern aldehydic.	130	11	top	eo	\N
430	5471-51-2	Raspberry Ketone	Raspberry Ketone is sweet berry jam raspberry woody ripe floral nuance fruity powdery vanilla modern-fruity-complexes powdery-florals strawberry tutti-frutti.	70	80	heart	syntetic	1.0
434	8016-96-4	Vetiver	Vetiver Essential Oil is sweet rooty balsamic woody amber rich exotic earthy vetiver smoky earthy-woody oriental chypre fixer moss rose fern sandalwood.	105	320	base	eo	0.90
452	106-02-5	Macrolide	Macrolide is fine, elegant macrocyclic musk lactone note with a high impact and animalic, balsamic notes.	250	400	base	syntetic	2.4
465	127-51-5	Alpha Isomethyl Ionone	Alpha Isomethyl Ionone is violet sweet orris powdery floral woody amber chypre mimosa reseda iris cyclamen fidji berry diffusion raspberry strawberry orange nut pistachio muscatel tobacco cream.	90	175	base	syntetic	30
470	19870-74-7	Cedramber	Cedramber is woody ambergris dry earthy vetivert mens leather ambre oriental sweet-floral-orientals oudh agarwood.	120	80	heart	syntetic	\N
472	8013-86-3	Cypress	Cypress Essential Oil is piney fresh pine fougere juniper.	110	3	top	eo	\N
471	67674-46-8	Methyl Pample Mousse	Methyl Pample Mousse is fresh citrus grapefruit peel soapy woody green violet.	100	2	top	syntetic	\N
473	8016-65-7	Sage	Spanish Sage Essential Oil has a camphoraceous, fresh herbal, pine-herb aroma	125	9	top	eo	\N
474	84238-39-1 	Clearwood	Clearwood (Firmenich) has a fine light Patchouli odour without the sweet damp notes of regular Patchouli Oil.\nVery popular in modern mens fragrances where a finer quality is required. Works particularly well with Iris and Orris notes	80	24	top	syntetic	\N
475	9-5-9000	Benzoin Siam Resinoid	Benzoin Siam Resinoid is sweet balsamic vanilla soft-spicy-cinnamic aromatic oriental incense-sticks chocolate spice.	60	55	heart	syntetic	\N
478	mix	Wardia	Floral-rose, sweet, fresh, warm, petal	50	50	top	syntetic	\N
479	121-33-5	Vanillin	Vanillin is sweet dry vanilla chocolate creamy aromatic phenol cardboard very tenacious aldehydic-florals oriental passion fruit almond pear confectionary melon lime fir-conifer woody custard cream cola.	60	400	base	syntetic	\N
502	mix	Leather Oud 	balsamic, animalic, leathery, Oud	200	50	heart	syntetic	\N
503	8000-28-0	Lavender	Lavender Essential Oil is fresh floral herbal-fruity lavender cool velvety slightly-bitter-hot fougere cologne.	110	27	top	eo	\N
504	8028-48-6	Sweet Orange	Sweet Orange Essential Oil is fresh sweet terpene citrus fruity orange eau-de-colognes fresh-topnotes.	110	8	top	eo	\N
506	89-43-0	Aurantiol	Aurantiol (Methyl Anthranilate Schiffs Base) is neroli orange muguet grape sweet heavy floral orange-blossom narcotic florals orangeflower honeysuckle.	85	120	base	syntetic	\N
2	91-64-5	Coumarin	Coumarin is sweet aromatic coconut herbaceous-warm spicy haylike nut tobacco herbaceousodors lavender lavandin rose mary citrus oils oakmoss oriental fougere lime herbal hay fixative-effect.	120	85	base	syntetic	1.5
414	90028-68-5	Oakmoss Absolute 	Dry, earthy, bark and pine-like top notes over smooth, rich notes of moss, wood, decaying leaf, fungus, lichen, and damp earth notes; deep, mysterious, evocative, and an excellent fixative with tremendous tenacity.	35	15	top	syntetic	0.10
420	134-20-3	Methyl Anthranilate	Methyl Anthranilate is grape orangeflower neroli sweet fruity tangerine grape-note musty-fruity dry-floral concord grapes orangeblossom orange-flower narcotic florals jasmine tuberose ylang champaca quince quelques.	420	48	heart	syntetic	0.10
469	33704-61-9	Cashmeran	Cashmeran is diffusive spicy musk strong floral woody sweet aromatic mens fresh-florals green-florals.	80	200	base	syntetic	3.8
505	8016-20-4	Grapefruit Pink	Grapefruit Pink Essential Oil is fresh juicy bitter-sweet terpene citrus grapefruit eau-de-colognes fresh-topnotes pomelo.	125	2	top	eo	4.0
507	54464-57-2 	Timbersilk	Smooth, warm, woody, amber note. Powerful yet silky soft. Used to impart fullness and subtle strength to fragrances.	50	50	base	syntetic	20
552	8008-56-8	lemon	cítrico, fresco, intenso, aldehidico, ligeramente picante	130	2	top	eo	\N
602	84775-45-1	artemisa	La artemisa abarca un gran género de plantas herbáceas y aromáticas que pertenecen a la familia de las asteráceas. Las notas más populares incluyen ajenjo, estragón, artemisa vulgaris y artemisa tridentata. Comúnmente utilizada en los acordes de heleno, la artemisa enfatiza las facetas ácidas, a la vez que deja sentir las inflexiones dulces y afrutadas de una fragancia. La artemisa contrasta perfectamente con notas de pachuli.	50	50	heart	eo	\N
603	112-54-9	Aldehyde C-12 Lauric Dodecanal	Aldehyde C-12 Lauric Dodecanal is waxy fatty soapy clean rose laundry chanel-no.5 lux soap aldehydic heavy-white-florals violet mimosa reseda pine-needle wisteria butter rancid.	600	80	heart	syntetic	\N
604	76-49-3 	Bornyl acetate	Bornyl acetate is a fragrance with a fresh, green, coniferous scent. The fragrance is neither weak nor strong and can therefore be used undiluted. It blends excellently with green scents, spices and wood. Citrus scents give you green freshness.	120	15	top	syntetic	\N
605	5392-40-5	Citral	Citral is strong lemon sweet heavy citrus fatty aldehydic sour lemongrass litsea ginger colognes magnolia rose neroli citrus-fruits berry-fruits cherry fir conifer passion cola strawberry tutti-frutti apple.	270	5	top	syntetic	\N
606	31906-04-4	Lyral	Lyral (generic name HMPCC) is soft delicate floral lily cyclamen hydroxycitronellal delicately sweet-light-floral outstanding-tenacity radiation muguet honeysuckle lavender bergamot all peony freesia sweet-pea frangipani.	25	250	base	syntetic	\N
607	8023-83-4	Castoreum Synthetic	Castoreum Synthetic is a reproduction of natural Castoreum without using any animal products. It has the powerful characteristics of Castoreum without the guilt. Indispesible in men's fragrances and classic Chypre perfumes.\nKeywords: Leather Cuir de Russie Chypre Mens Animalic Suede	650	80	heart	syntetic	\N
608	28219-61-6	Bacdanol	Bacdanol is woody sandalwood sweet balsamic oriental moss pine.	80	300	base	syntetic	\N
609	80-54-6	Lilial	Lilial is fresh light green floral lily muguet lindenblossom aldehyde lilac modern.	80	72	heart	syntetic	\N
610	68039-49-6	Triplal	Triplal has a harsh, herbal, leafy green, somewhat pine tree-like aroma.	800	3	top	syntetic	\N
611	67634-00-8	Allyl Amyl Glycolate	Allyl Amyl Glycolate is fruity green galbanum pineapple freshening top traces (0.1%) especially soften harsh mens womens unisex.	170	10	top	syntetic	\N
612	105-87-3	Geranyl Acetate	Geranyl Acetate is sweet fruity floral rose lavender rosy green remotely odor~of lavendaceous colognes lemon muguet ylang bergamot as-modifier herbal citrus wallflower ylang-ylang neroli leather-notes oriental lime.	125	12	top	syntetic	\N
613	115-95-7	Linalyl Acetate	Linalyl Acetate is citrus bergamot-lavender woody fresh floral bergamot petitgrain lavender cologne sweet floral-fruity recalling pear synthetic linalylacetate displays an ~leaner less complexodor acetates produced.	110	16	top	syntetic	\N
614	8022-15-9	Lavandin Grosso	Lavandin Grosso Essential Oil is a fresh camphoraceous-lavender. The camphor effect is mild and very inviting, not overwhelming.	110	20	heart	eo	\N
615	8014-13-9	Cumin Seed	Cumin Seed Essential Oil is cumin fatty sweaty pepper green herbal spicy curry under-arm musk animal warm soft spicy-musky mens citrus-herb chypre leather wood orris oriental bases cassie acacia ambergris mimosa spice condiment.	2000	1	top	eo	\N
616	8007-46-3	White Thyme	White Thyme Essential Oil is aromatic phenol medicinal spicy thyme herb hot lavender fougere spice antiseptic mouthwashes.	570	35	heart	syntetic	\N
617	8016-36-2	Olibanum	Olibanum Essential Oil is a complex, balsamic frankincense oil derived from the Boswellia sacra—commonly known as the frankincense or olibanum-tree	97	3	top	eo	\N
618	106-24-1	Geraniol	Geraniol is rose metallic fresh green floral rose-type warm dry undertones but there are great according origin geraniol sweet petal geranium ylang-ylang peony sweet-pea magnolia lemon pine alkali-stable.	100	18	top	syntetic	\N
619	mix	Pamzest	Odor Description: Fresh and powerful fruity note reminiscent of grapefruit zest.	50	50	top	syntetic	\N
620	1506-02-1	Tonalide	Tonalide is strong persistent nitro-free musk slightly-soapy fixative all laundry.	20	220	base	syntetic	\N
652	65442-31-1	ISOBUTYL-QUINOLINE	Isobutyl Quinoline is earthy rooty vetivert moss animalic damp amber oriental chypre men s leather cuir leder (note tends develop strongly matures so use sparingly).	450	50	base	syntetic	\N
653	24720-09-0	Alpha Damascone	Alpha Damascone is a natural, diffusive rose and fruit-booster with plum and prune qualities.	700	150	base	syntetic	0.43
654	mix	Cassis Base 345B	 blackcurrant bud absolute, synthetic,Blackcurrant, Green, Sulphuric, Floral	50	50	heart	syntetic	\N
655	93-92-5	Styralyl Acetate	Styralyl Acetate is fresh sweet green leaf gardenia plum apple apricot tart fruity floral rhubarb hyacinth lilac muguet tuberose gooseberry peach pineapple.	350	10	top	syntetic	\N
656	93939-86-7	Rhuboflor	fruity-green, rhubarb-like, tart, with floral and herbal nuances	50	50	heart	syntetic	0.24
657	1725-03-7	ALDAMBRE	woody-metallic, hot iron, musky nuances	150	10	top	syntetic	\N
658	14765-30-1	Freskomenthe	fresh, herbal (mint), refreshing, green and woody undertones	50	50	top	syntetic	\N
659	112-45-8	Intreleven Aldehyde Special	aldehydic, fresh, ozonic, modern	50	50	top	syntetic	\N
660	mix	Agrumen Aldehyde	A piercingly juicy base, combining cologne-like citrus freshness with intensely green nuances.	50	50	top	syntetic	\N
662	83926-73-2	Coranol	floral, rosewood, coriander	100	50	heart	syntetic	\N
663	8023-89-0	Elemi EO	spicy, peppery, lemon	50	50	heart	syntetic	\N
664	63500-71-0	Flowerol 90 (Florosa)	 fresh, clean, lily of the valley,Floral, Muguet, Sweet	50	50	heart	syntetic	\N
665	27606-09-3	Magnolan	floral, green, magnolia, narcissus, geranium, gardenia	50	100	base	syntetic	\N
661	77-53-2	Cedrol Crystals Natural	Cedrol Crystals Natural,	50	50	heart	syntetic	\N
666	8023-85-6	CEDRO ATLAS	cálido, amaderado, dulce, balsámico, ligeramente floral, rico, complejo	50	50	heart	eo	\N
702	101-86-0	Alpha Hexyl Cinnmic Aldehyde	moderate, floral-green, oily, spice and chamomile nuances\n\nHexyl cinnamaldehyde is a classic floral molecule that has been used in perfumery for decades. It serves as an excellent connector for stronger substances and acts as a kind of background on which more distinct contours are built.	50	50	heart	syntetic	\N
703	104-67-6	Aldehyde C-14 Gamma Undecalactone	Aldehyde C-14 Gamma Undecalactone is sweet fruity peach fruity floral heavy-fruity-florals apricot mango apple.	360	45	heart	syntetic	\N
752	211299-54-6	ambrocenide	Extremely powerful and very sharp dry woody scent with ambery, slightly animalic and smokey agarwood tones.	100	100	heart	syntetic	\N
753	118-58-1	Benzyl Salicylate	Benzyl Salicylate is sweet, balsamic herbal oily aroma chemical with soft-narcotic touches. It is a commonly used perfumery chemical	30	210	base	syntetic	\N
754	24851-98-7	Hedione High Cis	Hedione High Cis is powerful hedione charactor fresh natural oily jasmine sweet green extremely persistent floral fruity flower magnolia blossoms muguet tuberose all-florals fixer jonquil raspberry strawberry melon.	65	160	base	syntetic	\N
755	65405-77-8	cis-3 Hexenyl Salicylate	cis-3 Hexenyl Salicylate is green aromatic floral phenolic-medicinal leathery-mossy modern-powdery-florals gives natural-green-support.\n\n	90	75	base	syntetic	\N
756	8015-88-1	Carrot Seed Essential Oil	Carrot Seed Essential Oil offers a savory, earthy, spicy-herb scent. Its savory and briny quality faintly resembles the brininess of manuka essential oil.\n\n	185	6	top	eo	\N
802	mix	DPG	ALCHOOL	100	100	base	syntetic	\N
852	4707-47-5	Veramoss	Evernyl/Veramoss is a moss like white powder with powdery notes of oakmoss, treemoss but a much cleaner note useful in fougere and modern chypre.	60	240	base	syntetic	\N
\.


--
-- Data for Name: olfactivefamilies; Type: TABLE DATA; Schema: public; Owner: root
--

COPY public.olfactivefamilies (id, name, ingredient_id) FROM stdin;
3	musk	3
4	woody	4
5	spicy	5
6	woody	6
53	floral	53
54	musk	53
70	floral	59
71	spicy	59
72	woody	59
152	spicy	102
155	spicy	152
156	woody	152
157	floral	153
158	spicy	153
166	floral	159
403	floral	403
405	sweet	405
407	musk	407
408	floral	407
409	sweet	408
410	floral	408
414	floral	411
415	floral	412
416	sweet	412
417	floral	413
419	floral	415
420	sweet	416
421	fruity	416
422	floral	416
423	fresh	417
424	floral	417
428	fresh	419
429	citrus	419
430	sweet	419
433	earthy	421
434	woody	421
437	musk	424
438	sweet	424
439	sweet	425
440	woody	425
445	marine	1
446	fresh	1
447	musk	427
448	animalic	427
449	woody	428
450	clean	429
451	musk	429
455	fruity	431
456	musk	431
457	woody	432
458	animalic	432
461	citrus	433
462	fresh	433
465	sweet	435
466	spicy	435
467	floral	435
506	fresh	453
507	fresh	454
508	spicy	454
509	fruity	455
510	floral	455
513	floral	457
514	sweet	457
515	spicy	457
516	floral	458
517	fruity	458
518	fruity	459
519	warm	459
520	woody	459
521	sweet	459
522	woody	460
523	floral	461
524	floral	462
525	woody	462
526	sweet	462
527	citrus	463
528	fresh	463
529	fruity	464
530	citrus	464
531	fresh	464
534	smoky	466
537	woody	468
538	spicy	468
539	floral	468
543	marine	470
544	sweet	470
545	woody	470
546	citrus	471
547	woody	472
548	fresh	473
549	earthy	474
550	sweet	474
557	spicy	475
558	sweet	475
559	sweet	478
560	floral	478
561	sweet	479
602	smoky	502
603	animalic	502
604	woody	502
605	floral	503
606	fresh	503
607	fresh	504
608	citrus	504
609	fruity	504
610	sweet	504
613	sweet	506
614	floral	506
618	smoky	456
619	woody	456
620	fruity	436
621	animalic	436
852	spicy	2
902	floral	52
903	floral	154
904	warm	154
905	spicy	154
906	woody	202
907	citrus	202
908	floral	202
909	woody	203
910	woody	204
911	citrus	404
912	floral	406
913	floral	409
914	citrus	410
915	floral	410
916	earthy	414
917	fresh	418
918	sweet	418
919	citrus	418
920	sweet	420
921	fruity	420
922	sweet	430
923	fruity	430
924	floral	430
925	earthy	434
926	woody	434
927	sweet	452
928	musk	452
929	animalic	452
930	warm	452
931	floral	465
932	woody	465
933	musk	469
934	sweet	469
935	floral	469
936	fresh	505
937	citrus	505
938	sweet	507
939	warm	507
940	woody	507
952	citrus	552
1004	warm	602
1005	fresh	602
1006	sweet	603
1007	clean	603
1008	warm	603
1013	clean	604
1014	warm	604
1015	woody	604
1016	sweet	604
1017	citrus	605
1018	fruity	606
1019	sweet	606
1020	clean	606
1021	marine	606
1022	warm	607
1023	smoky	607
1024	animalic	607
1025	woody	608
1026	fresh	609
1027	floral	609
1028	green	609
1029	green	610
1030	green	611
1031	fruity	611
1032	fresh	611
1033	floral	612
1034	woody	613
1035	citrus	613
1036	fresh	614
1037	floral	614
1038	spicy	615
1039	spicy	616
1040	smoky	617
1041	woody	617
1042	green	618
1043	fresh	618
1044	floral	618
1045	warm	618
1046	citrus	619
1047	musk	620
1048	sweet	620
1052	floral	155
1102	earthy	652
1103	leather	652
1104	woody	653
1105	fresh	653
1106	sweet	653
1107	sweet	654
1108	clean	654
1109	floral	654
1110	fruity	654
1111	floral	655
1112	green	655
1113	sweet	655
1114	fresh	655
1115	floral	656
1116	fruity	656
1117	green	656
1118	metalic	657
1119	woody	657
1120	sweet	658
1121	fresh	658
1122	marine	658
1123	ozonic	659
1124	metalic	659
1125	citrus	660
1126	fresh	660
1127	sweet	660
1128	floral	660
1130	floral	662
1131	citrus	663
1132	fresh	664
1133	clean	664
1134	sweet	664
1135	clean	665
1136	fresh	665
1137	floral	665
1138	green	665
1139	woody	661
1140	woody	666
1152	green	702
1153	floral	702
1154	spicy	702
1155	fruity	703
1202	animalic	752
1203	woody	752
1204	sweet	753
1205	sweet	754
1206	fruity	754
1207	clean	754
1208	green	755
1209	floral	755
1210	spicy	756
1211	earthy	756
1216	green	467
1217	fresh	467
1252	earthy	852
\.


--
-- Data for Name: project; Type: TABLE DATA; Schema: public; Owner: root
--

COPY public.project (id, name, created, updated) FROM stdin;
4	Sam Discord	2024-04-07 10:13:18.522	2024-04-07 10:13:18.522
52	mias	2024-04-08 17:40:26.326	2024-04-08 17:40:26.326
252	gucci	2024-06-29 10:35:12.752	2024-06-29 10:35:12.752
352	man_in_black	2024-07-14 07:12:30.393	2024-07-14 07:12:30.394
452	doja	2024-07-26 14:56:21.383	2024-07-26 14:56:21.383
502	pruebas	2024-08-19 10:43:43.421	2024-08-19 10:43:43.421
652	test	2024-08-23 06:43:52.665	2024-08-23 06:43:52.665
702	amouage	2024-08-24 18:31:36.127	2024-08-24 18:31:36.127
\.


--
-- Data for Name: recognition; Type: TABLE DATA; Schema: public; Owner: root
--

COPY public.recognition (id, created, ingredient_name, notes, recognized, updated) FROM stdin;
152	2024-09-17	\N	\N	f	2024-09-17
153	2024-09-17	\N	\N	f	2024-09-17
154	2024-09-17	\N	\N	f	2024-09-17
\.


--
-- Data for Name: user_seg; Type: TABLE DATA; Schema: public; Owner: root
--

COPY public.user_seg (id, email, firstname, password, role, secondname) FROM stdin;
1	teste@test.es	lucian	$2a$10$Hz23WqMMsS1A4brFV.tzmOono1yHnYtDf4DYIkViMOgzgqcsIXol6	0	cati
2	test@test.es	luc	$2a$10$057/NoJNk8VciUiiQZ3xcO5F/SdqOCS9MVOZrIbmJOLQ8mBQBCaBS	1	cati
52	amadeuscam@yahoo.es	cati	$2a$10$TMTLjnjiGFUrvGsFvW6mZu7j8QoTweu2Hfc9zI3hrRT8U7qO5.UIy	1	lucian
\.


--
-- Name: comment_seq; Type: SEQUENCE SET; Schema: public; Owner: root
--

SELECT pg_catalog.setval('public.comment_seq', 651, true);


--
-- Name: dilutions_seq; Type: SEQUENCE SET; Schema: public; Owner: root
--

SELECT pg_catalog.setval('public.dilutions_seq', 1351, true);


--
-- Name: formula_ingredient_seq; Type: SEQUENCE SET; Schema: public; Owner: root
--

SELECT pg_catalog.setval('public.formula_ingredient_seq', 4001, true);


--
-- Name: formula_seq; Type: SEQUENCE SET; Schema: public; Owner: root
--

SELECT pg_catalog.setval('public.formula_seq', 3651, true);


--
-- Name: formulas_management_seq; Type: SEQUENCE SET; Schema: public; Owner: root
--

SELECT pg_catalog.setval('public.formulas_management_seq', 2101, true);


--
-- Name: ingredients_seq; Type: SEQUENCE SET; Schema: public; Owner: root
--

SELECT pg_catalog.setval('public.ingredients_seq', 901, true);


--
-- Name: olfactivefamilies_seq; Type: SEQUENCE SET; Schema: public; Owner: root
--

SELECT pg_catalog.setval('public.olfactivefamilies_seq', 1301, true);


--
-- Name: project_seq; Type: SEQUENCE SET; Schema: public; Owner: root
--

SELECT pg_catalog.setval('public.project_seq', 751, true);


--
-- Name: recognition_seq; Type: SEQUENCE SET; Schema: public; Owner: root
--

SELECT pg_catalog.setval('public.recognition_seq', 201, true);


--
-- Name: user_seg_seq; Type: SEQUENCE SET; Schema: public; Owner: root
--

SELECT pg_catalog.setval('public.user_seg_seq', 101, true);


--
-- Data for Name: BLOBS; Type: BLOBS; Schema: -; Owner: -
--

BEGIN;

SELECT pg_catalog.lo_open('18405', 131072);
SELECT pg_catalog.lowrite(0, '\x426c61636b2050657070657220457373656e7469616c204f696c206861732076657279206e69636520626c61636b207065707065722066726573682064727920776f6f6479207761726d2d73706963792062616c73616d69632074657270656e6579206f646f75722075736566756c20666f72206d656e7320636974727573206672616963686520636f6c6f676e65732c2073706963652068657262616c20746f706e6f7465732c206d656174207069636b6c6573206272656164206375727279206e75616e63657320696e2070657266756d65732e');
SELECT pg_catalog.lo_close(0);

COMMIT;

--
-- Name: comment comment_pkey; Type: CONSTRAINT; Schema: public; Owner: root
--

ALTER TABLE ONLY public.comment
    ADD CONSTRAINT comment_pkey PRIMARY KEY (id);


--
-- Name: dilutions dilutions_pkey; Type: CONSTRAINT; Schema: public; Owner: root
--

ALTER TABLE ONLY public.dilutions
    ADD CONSTRAINT dilutions_pkey PRIMARY KEY (id);


--
-- Name: formula_ingredient formula_ingredient_pkey; Type: CONSTRAINT; Schema: public; Owner: root
--

ALTER TABLE ONLY public.formula_ingredient
    ADD CONSTRAINT formula_ingredient_pkey PRIMARY KEY (id);


--
-- Name: formula formula_pkey; Type: CONSTRAINT; Schema: public; Owner: root
--

ALTER TABLE ONLY public.formula
    ADD CONSTRAINT formula_pkey PRIMARY KEY (id);


--
-- Name: formulas_management formulas_management_pkey; Type: CONSTRAINT; Schema: public; Owner: root
--

ALTER TABLE ONLY public.formulas_management
    ADD CONSTRAINT formulas_management_pkey PRIMARY KEY (id);


--
-- Name: ingredients ingredients_pkey; Type: CONSTRAINT; Schema: public; Owner: root
--

ALTER TABLE ONLY public.ingredients
    ADD CONSTRAINT ingredients_pkey PRIMARY KEY (ingredient_id);


--
-- Name: olfactivefamilies olfactivefamilies_pkey; Type: CONSTRAINT; Schema: public; Owner: root
--

ALTER TABLE ONLY public.olfactivefamilies
    ADD CONSTRAINT olfactivefamilies_pkey PRIMARY KEY (id);


--
-- Name: project project_pkey; Type: CONSTRAINT; Schema: public; Owner: root
--

ALTER TABLE ONLY public.project
    ADD CONSTRAINT project_pkey PRIMARY KEY (id);


--
-- Name: recognition recognition_pkey; Type: CONSTRAINT; Schema: public; Owner: root
--

ALTER TABLE ONLY public.recognition
    ADD CONSTRAINT recognition_pkey PRIMARY KEY (id);


--
-- Name: project uk_3k75vvu7mevyvvb5may5lj8k7; Type: CONSTRAINT; Schema: public; Owner: root
--

ALTER TABLE ONLY public.project
    ADD CONSTRAINT uk_3k75vvu7mevyvvb5may5lj8k7 UNIQUE (name);


--
-- Name: formulas_management uk_ek93qpprulmvfv63g1m0hx8no; Type: CONSTRAINT; Schema: public; Owner: root
--

ALTER TABLE ONLY public.formulas_management
    ADD CONSTRAINT uk_ek93qpprulmvfv63g1m0hx8no UNIQUE (name);


--
-- Name: ingredients uk_j6tsl15xx76y4kv41yxr4uxab; Type: CONSTRAINT; Schema: public; Owner: root
--

ALTER TABLE ONLY public.ingredients
    ADD CONSTRAINT uk_j6tsl15xx76y4kv41yxr4uxab UNIQUE (name);


--
-- Name: formula uk_mum423fnn0lsg8inm5q958q3i; Type: CONSTRAINT; Schema: public; Owner: root
--

ALTER TABLE ONLY public.formula
    ADD CONSTRAINT uk_mum423fnn0lsg8inm5q958q3i UNIQUE (name);


--
-- Name: user_seg user_seg_pkey; Type: CONSTRAINT; Schema: public; Owner: root
--

ALTER TABLE ONLY public.user_seg
    ADD CONSTRAINT user_seg_pkey PRIMARY KEY (id);


--
-- Name: dilutions fk5tntfp7snx28c5rgxdr6j2dsq; Type: FK CONSTRAINT; Schema: public; Owner: root
--

ALTER TABLE ONLY public.dilutions
    ADD CONSTRAINT fk5tntfp7snx28c5rgxdr6j2dsq FOREIGN KEY (ingredient_id) REFERENCES public.ingredients(ingredient_id);


--
-- Name: formula fk7i13pc5812aw40q3cutldhf8p; Type: FK CONSTRAINT; Schema: public; Owner: root
--

ALTER TABLE ONLY public.formula
    ADD CONSTRAINT fk7i13pc5812aw40q3cutldhf8p FOREIGN KEY (formulas_management_id) REFERENCES public.formulas_management(id);


--
-- Name: olfactivefamilies fka0uj1qcbosx66klwxdvwmrm2l; Type: FK CONSTRAINT; Schema: public; Owner: root
--

ALTER TABLE ONLY public.olfactivefamilies
    ADD CONSTRAINT fka0uj1qcbosx66klwxdvwmrm2l FOREIGN KEY (ingredient_id) REFERENCES public.ingredients(ingredient_id);


--
-- Name: comment fkeqa4oo2407k7x4nh6k9cikh4c; Type: FK CONSTRAINT; Schema: public; Owner: root
--

ALTER TABLE ONLY public.comment
    ADD CONSTRAINT fkeqa4oo2407k7x4nh6k9cikh4c FOREIGN KEY (formula_id) REFERENCES public.formula(id);


--
-- Name: formula_ingredient fkmubdscu22kb0rbm2517e63t6y; Type: FK CONSTRAINT; Schema: public; Owner: root
--

ALTER TABLE ONLY public.formula_ingredient
    ADD CONSTRAINT fkmubdscu22kb0rbm2517e63t6y FOREIGN KEY (formula_id) REFERENCES public.formula(id);


--
-- Name: formulas_management fkr339qwspn0skq66rnwltevv73; Type: FK CONSTRAINT; Schema: public; Owner: root
--

ALTER TABLE ONLY public.formulas_management
    ADD CONSTRAINT fkr339qwspn0skq66rnwltevv73 FOREIGN KEY (project_id) REFERENCES public.project(id);


--
-- PostgreSQL database dump complete
--

